Workbook

Sheet  GDP CEE Oct 2025
A1: GDP, current prices (Billions of U.S. dollars) | B1: 2010 | C1: 2011 | D1: 2012 | E1: 2013 | F1: 2014 | G1: 2015 | H1: 2016 | I1: 2017 | J1: 2018 | K1: 2019 | L1: 2020 | M1: 2021 | N1: 2022 | O1: 2023 | P1: 2024 | Q1: 2025 | R1: 2026 | S1: 2027 | T1: 2028 | U1: 2029 | V1: 2030
A2: Albania | B2: 11.937 | C2: 12.899 | D2: 12.324 | E2: 12.784 | F2: 13.246 | G2: 11.389 | H2: 11.862 | I2: 13.053 | J2: 15.38 | K2: 15.582 | L2: 15.271 | M2: 17.985 | N2: 19.189 | O2: 23.633 | P2: 27.084 | Q2: 29.939 | R2: 32.411 | S2: 34.208 | T2: 36.358 | U2: 38.657 | V2: 41.115
A3: Armenia | B3: 9.26 | C3: 10.142 | D3: 10.619 | E3: 11.121 | F3: 11.61 | G3: 10.553 | H3: 10.546 | I3: 11.527 | J3: 12.458 | K3: 13.619 | L3: 12.642 | M3: 13.879 | N3: 19.514 | O3: 24.186 | P3: 25.955 | Q3: 27.859 | R3: 29.082 | S3: 31.454 | T3: 33.676 | U3: 35.934 | V3: 38.388
A4: Azerbaijan | B4: 52.909 | C4: 65.952 | D4: 69.684 | E4: 74.164 | F4: 75.235 | G4: 52.997 | H4: 37.83 | I4: 41.375 | J4: 47.113 | K4: 48.174 | L4: 42.693 | M4: 54.825 | N4: 78.807 | O4: 72.428 | P4: 74.316 | Q4: 76.39 | R4: 80.024 | S4: 84.547 | T4: 89.615 | U4: 95.052 | V4: 100.823
A5: Bosnia and Herzegovina | B5: 17.207 | C5: 18.665 | D5: 17.237 | E5: 18.184 | F5: 18.588 | G5: 16.413 | H5: 17.124 | I5: 18.363 | J5: 20.504 | K5: 20.485 | L5: 20.264 | M5: 23.688 | N5: 24.581 | O5: 27.606 | P5: 29.614 | Q5: 33.237 | R5: 36.239 | S5: 38.082 | T5: 40.004 | U5: 42.005 | V5: 44.106
A6: Bulgaria | B6: 50.69 | C6: 57.682 | D6: 54.297 | E6: 55.82 | F6: 57.081 | G6: 50.766 | H6: 53.929 | I6: 59.288 | J6: 66.318 | K6: 68.639 | L6: 70.658 | M6: 84.477 | N6: 90.719 | O6: 102.434 | P6: 112.232 | Q6: 127.924 | R6: 142.203 | S6: 151.081 | T6: 159.772 | U6: 168.285 | V6: 177.26
A7: Croatia | B7: 59.032 | C7: 62.889 | D7: 57.585 | E7: 59.854 | F7: 59.628 | G7: 51.012 | H7: 52.64 | I7: 56.166 | J7: 61.694 | K7: 61.472 | L7: 57.919 | M7: 69.055 | N7: 71.26 | O7: 84.429 | P7: 92.643 | Q7: 103.901 | R7: 113.132 | S7: 118.4 | T7: 123.879 | U7: 129.666 | V7: 135.725
A8: Czech Republic | B8: 211.169 | C8: 231.429 | D8: 210.363 | E8: 213.024 | F8: 210.911 | G8: 189.108 | H8: 198.161 | I8: 221.564 | J8: 251.992 | K8: 256.794 | L8: 251.11 | M8: 290.973 | N8: 301.831 | O8: 345.059 | P8: 347.034 | Q8: 383.384 | R8: 417.134 | S8: 433.435 | T8: 450.45 | U8: 467.644 | V8: 485.675
A9: Estonia | B9: 19.569 | C9: 23.3 | D9: 23.252 | E9: 25.451 | F9: 27.063 | G9: 23.314 | H9: 24.554 | I9: 27.46 | J9: 31.237 | K9: 31.877 | L9: 31.795 | M9: 37.226 | N9: 38.257 | O9: 41.482 | P9: 43.117 | Q9: 46.763 | R9: 51.036 | S9: 53.619 | T9: 56.106 | U9: 58.687 | V9: 61.302
A10: Georgia | B10: 12.425 | C10: 15.475 | D10: 16.894 | E10: 17.516 | F10: 17.966 | G10: 15.223 | H10: 15.445 | I10: 16.472 | J10: 17.905 | K10: 17.645 | L10: 16.013 | M10: 18.849 | N10: 24.985 | O10: 30.778 | P10: 33.775 | Q10: 37.403 | R10: 40.177 | S10: 42.408 | T10: 44.723 | U10: 47.202 | V10: 49.802
A11: Hungary | B11: 131.899 | C11: 141.713 | D11: 128.47 | E11: 135.646 | F11: 141.129 | G11: 125.244 | H11: 128.984 | I11: 143.335 | J11: 161.185 | K11: 164.927 | L11: 158.468 | M11: 183.283 | N11: 178.321 | O11: 214.098 | P11: 223.06 | Q11: 247.759 | R11: 269.916 | S11: 284.122 | T11: 298.583 | U11: 314.311 | V11: 331.126
A12: Latvia | B12: 23.509 | C12: 26.832 | D12: 27.136 | E12: 29.157 | F12: 30.285 | G12: 26.347 | H12: 27.11 | I12: 29.381 | J12: 33.263 | K12: 33.103 | L12: 33.353 | M12: 38.209 | N12: 38.045 | O12: 42.584 | P12: 43.508 | Q12: 47.88 | R12: 52.248 | S12: 55.114 | T12: 57.86 | U12: 60.722 | V12: 63.664
... A21: Slovenia | B21: 47.832 | C21: 51.19 | D21: 46.196 | E21: 47.868 | F21: 49.527 | G21: 42.714 | H21: 44.279 | I21: 48.136 | J21: 53.713 | K21: 53.916 | L21: 53.342 | M21: 61.582 | N21: 59.946 | O21: 69.275 | P21: 72.95 | Q21: 79.221 | R21: 85.738 | S21: 89.576 | T21: 93.612 | U21: 97.719 | V21: 102.031
A22: TOTAL | B22: =SUM(B2:B21) -> 1487.356 | C22: =SUM(C2:C21) -> 1656.446 | D22: =SUM(D2:D21) -> 1556.598 | E22: =SUM(E2:E21) -> 1629.263 | F22: =SUM(F2:F21) -> 1679.126 | G22: =SUM(G2:G21) -> 1466.575 | H22: =SUM(H2:H21) -> 1479.206 | I22: =SUM(I2:I21) -> 1640.462 | ... V22: =SUM(V2:V21) -> 4073.355
A24: Real GDP growth (Annual percent change) | B24: 2010 | C24: 2011 | D24: 2012 | E24: 2013 | F24: 2014 | G24: 2015 | H24: 2016 | I24: 2017 | J24: 2018 | K24: 2019 | L24: 2020 | M24: 2021 | N24: 2022 | O24: 2023 | P24: 2024 | Q24: 2025 | R24: 2026 | S24: 2027 | T24: 2028 | U24: 2029 | V24: 2030
A25: Albania | B25: 3.7 | C25: 2.5 | D25: 1.4 | E25: 1 | F25: 1.8 | G25: 2.2 | H25: 3.9 | I25: 3.3 | J25: 3.7 | K25: 2.1 | L25: -3.3 | M25: 9 | N25: 4.8 | O25: 4 | P25: 4 | Q25: 3.4 | R25: 3.6 | S25: 3.5 | T25: 3.5 | U25: 3.5 | V25: 3.5
A26: Armenia | B26: 2.2 | C26: 4.7 | D26: 7.1 | E26: 3.4 | F26: 3.6 | G26: 3.3 | H26: 0.2 | I26: 7.5 | J26: 5.2 | K26: 7.6 | L26: -7.1 | M26: 5.8 | N26: 12.6 | O26: 8.3 | P26: 5.9 | Q26: 4.8 | R26: 4.9 | S26: 5.5 | T26: 4.8 | U26: 4.5 | V26: 4.5
A27: Azerbaijan | B27: 5 | C27: 0.1 | D27: 2.2 | E27: 5.8 | F27: 2.8 | G27: 1.1 | H27: -3.1 | I27: 0.2 | J27: 1.5 | K27: 2.5 | L27: -4.2 | M27: 5.6 | N27: 4.7 | O27: 1.4 | P27: 4.1 | Q27: 3 | R27: 2.5 | S27: 2.5 | T27: 2.5 | U27: 2.5 | V27: 2.5
A28: Bosnia and Herzegovina | B28: 0.9 | C28: 1 | D28: -0.8 | E28: 2.3 | F28: 1.2 | G28: 4.3 | H28: 3.2 | I28: 3.2 | J28: 3.8 | K28: 2.9 | L28: -3 | M28: 7.4 | N28: 4.2 | O28: 2 | P28: 3 | Q28: 2.4 | R28: 2.7 | S28: 3 | T28: 3 | U28: 3 | V28: 3
A29: Bulgaria | B29: 1.6 | C29: 2.1 | D29: 0.7 | E29: -0.5 | F29: 0.9 | G29: 3.4 | H29: 3 | I29: 2.7 | J29: 2.5 | K29: 3.8 | L29: -3.2 | M29: 7.8 | N29: 4 | O29: 1.9 | P29: 2.8 | Q29: 3 | R29: 3.1 | S29: 2.8 | T29: 2.7 | U29: 2.6 | V29: 2.6
A30: Croatia | B30: -1.3 | C30: -0.1 | D30: -2.3 | E30: -0.1 | F30: -0.6 | G30: 2.3 | H30: 3.5 | I30: 3.3 | J30: 2.9 | K30: 3.1 | L30: -8.3 | M30: 12.6 | N30: 7.3 | O30: 3.3 | P30: 3.9 | Q30: 3.1 | R30: 2.7 | S30: 2.6 | T30: 2.6 | U30: 2.5 | V30: 2.5
A31: Czech Republic | B31: 2.7 | C31: 1.8 | D31: -0.8 | E31: 0 | F31: 2.2 | G31: 5 | H31: 2.6 | I31: 5.2 | J31: 2.8 | K31: 3.6 | L31: -5.3 | M31: 4 | N31: 2.8 | O31: 0 | P31: 1.2 | Q31: 2.3 | R31: 2 | S31: 2 | T31: 2 | U31: 2 | V31: 2
A32: Estonia | B32: 2.4 | C32: 7.6 | D32: 3.7 | E32: 1.8 | F32: 3.3 | G32: 1.8 | H32: 3.1 | I32: 5.6 | J32: 3.7 | K32: 3.7 | L32: -2.9 | M32: 8.3 | N32: -1.2 | O32: -2.7 | P32: -0.1 | Q32: 0.5 | R32: 1.5 | S32: 1.8 | T32: 1.8 | U32: 1.8 | V32: 1.7
A33: Georgia | B33: 6.9 | C33: 7.9 | D33: 6.6 | E33: 5.1 | F33: 4.1 | G33: 3.4 | H33: 3.4 | I33: 5.2 | J33: 6.1 | K33: 5.4 | L33: -6.3 | M33: 10.6 | N33: 11 | O33: 7.8 | P33: 9.4 | Q33: 7.2 | R33: 5.3 | S33: 5 | T33: 5 | U33: 5 | V33: 5
A34: Hungary | B34: 1.1 | C34: 1.9 | D34: -1.3 | E34: 2 | F34: 4.3 | G34: 3.7 | H34: 2.4 | I34: 4.1 | J34: 5.6 | K34: 5.1 | L34: -4.3 | M34: 7.2 | N34: 4.3 | O34: -0.8 | P34: 0.5 | Q34: 0.6 | R34: 2.1 | S34: 2.3 | T34: 2.4 | U34: 2.5 | V34: 2.5
A35: Latvia | B35: -3.7 | C35: 3 | D35: 7.3 | E35: 2.1 | F35: 2.1 | G35: 3.8 | H35: 2.6 | I35: 3.4 | J35: 4.3 | K35: 0.7 | L35: -3.5 | M35: 6.9 | N35: 1.8 | O35: 2.9 | P35: -0.4 | Q35: 1 | R35: 2.2 | S35: 2.4 | T35: 2.4 | U35: 2.4 | V35: 2.4
... A46: Indexation | B46: 2010 | C46: 2011 | D46: 2012 | E46: 2013 | F46: 2014 | G46: 2015 | H46: 2016 | I46: 2017 | J46: 2018 | K46: 2019 | L46: 2020 | M46: 2021 | N46: 2022 | O46: 2023 | P46: 2024 | Q46: 2025 | R46: 2026 | S46: 2027 | T46: 2028 | U46: 2029 | V46: 2030
A48: Albania | B48: 100 | C48: =B48*(1+(C25/100)) -> 102.5 | D48: =C48*(1+(D25/100)) -> 103.935 | E48: =D48*(1+(E25/100)) -> 104.97435 | F48: =E48*(1+(F25/100)) -> 106.86389 | G48: =F48*(1+(G25/100)) -> 109.21489 | H48: =G48*(1+(H25/100)) -> 113.47427 | I48: =H48*(1+(I25/100)) -> 117.21893 | J48: =I48*(1+(J25/100)) -> 121.55603 | ... V48: =U48*(1+(V25/100)) -> 182.27406
A49: Armenia | B49: 100 | C49: =B49*(1+(C26/100)) -> 104.7 | D49: =C49*(1+(D26/100)) -> 112.1337 | E49: =D49*(1+(E26/100)) -> 115.94625 | F49: =E49*(1+(F26/100)) -> 120.12031 | G49: =F49*(1+(G26/100)) -> 124.08428 | H49: =G49*(1+(H26/100)) -> 124.33245 | I49: =H49*(1+(I26/100)) -> 133.65738 | J49: =I49*(1+(J26/100)) -> 140.60757 | ... V49: =U49*(1+(V26/100)) -> 254.89907
A50: Azerbaijan | B50: 100 | C50: =B50*(1+(C27/100)) -> 100.1 | D50: =C50*(1+(D27/100)) -> 102.3022 | E50: =D50*(1+(E27/100)) -> 108.23573 | F50: =E50*(1+(F27/100)) -> 111.26633 | G50: =F50*(1+(G27/100)) -> 112.49026 | H50: =G50*(1+(H27/100)) -> 109.00306 | I50: =H50*(1+(I27/100)) -> 109.22107 | J50: =I50*(1+(J27/100)) -> 110.85938 | ... V50: =U50*(1+(V27/100)) -> 148.05315
A51: Bosnia and Herzegovina | B51: 100 | C51: =B51*(1+(C28/100)) -> 101 | D51: =C51*(1+(D28/100)) -> 100.192 | E51: =D51*(1+(E28/100)) -> 102.49642 | F51: =E51*(1+(F28/100)) -> 103.72637 | G51: =F51*(1+(G28/100)) -> 108.18661 | H51: =G51*(1+(H28/100)) -> 111.64858 | I51: =H51*(1+(I28/100)) -> 115.22133 | J51: =I51*(1+(J28/100)) -> 119.59974 | ... V51: =U51*(1+(V28/100)) -> 166.12923
A52: Bulgaria | B52: 100 | C52: =B52*(1+(C29/100)) -> 102.1 | D52: =C52*(1+(D29/100)) -> 102.8147 | E52: =D52*(1+(E29/100)) -> 102.30063 | F52: =E52*(1+(F29/100)) -> 103.22133 | G52: =F52*(1+(G29/100)) -> 106.73086 | H52: =G52*(1+(H29/100)) -> 109.93278 | I52: =H52*(1+(I29/100)) -> 112.90097 | J52: =I52*(1+(J29/100)) -> 115.72349 | ... V52: =U52*(1+(V29/100)) -> 161.16392
A53: Croatia | B53: 100 | C53: =B53*(1+(C30/100)) -> 99.9 | D53: =C53*(1+(D30/100)) -> 97.6023 | E53: =D53*(1+(E30/100)) -> 97.504698 | F53: =E53*(1+(F30/100)) -> 96.91967 | G53: =F53*(1+(G30/100)) -> 99.148822 | H53: =G53*(1+(H30/100)) -> 102.61903 | I53: =H53*(1+(I30/100)) -> 106.00546 | J53: =I53*(1+(J30/100)) -> 109.07962 | ... V53: =U53*(1+(V30/100)) -> 156.60194
A54: Czech Republic | B54: 100 | C54: =B54*(1+(C31/100)) -> 101.8 | D54: =C54*(1+(D31/100)) -> 100.9856 | E54: =D54*(1+(E31/100)) -> 100.9856 | F54: =E54*(1+(F31/100)) -> 103.20728 | G54: =F54*(1+(G31/100)) -> 108.36765 | H54: =G54*(1+(H31/100)) -> 111.18521 | I54: =H54*(1+(I31/100)) -> 116.96684 | J54: =I54*(1+(J31/100)) -> 120.24191 | ... V54: =U54*(1+(V31/100)) -> 144.16142
A55: Estonia | B55: 100 | C55: =B55*(1+(C32/100)) -> 107.6 | D55: =C55*(1+(D32/100)) -> 111.5812 | E55: =D55*(1+(E32/100)) -> 113.58966 | F55: =E55*(1+(F32/100)) -> 117.33812 | G55: =F55*(1+(G32/100)) -> 119.45021 | H55: =G55*(1+(H32/100)) -> 123.15316 | I55: =H55*(1+(I32/100)) -> 130.04974 | J55: =I55*(1+(J32/100)) -> 134.86158 | ... V55: =U55*(1+(V32/100)) -> 154.57753
A56: Georgia | B56: 100 | C56: =B56*(1+(C33/100)) -> 107.9 | D56: =C56*(1+(D33/100)) -> 115.0214 | E56: =D56*(1+(E33/100)) -> 120.88749 | F56: =E56*(1+(F33/100)) -> 125.84388 | G56: =F56*(1+(G33/100)) -> 130.12257 | H56: =G56*(1+(H33/100)) -> 134.54674 | I56: =H56*(1+(I33/100)) -> 141.54317 | J56: =I56*(1+(J33/100)) -> 150.1773 | ... V56: =U56*(1+(V33/100)) -> 294.63141
A57: Hungary | B57: 100 | C57: =B57*(1+(C34/100)) -> 101.9 | D57: =C57*(1+(D34/100)) -> 100.5753 | E57: =D57*(1+(E34/100)) -> 102.58681 | F57: =E57*(1+(F34/100)) -> 106.99804 | G57: =F57*(1+(G34/100)) -> 110.95697 | H57: =G57*(1+(H34/100)) -> 113.61993 | I57: =H57*(1+(I34/100)) -> 118.27835 | J57: =I57*(1+(J34/100)) -> 124.90194 | ... V57: =U57*(1+(V34/100)) -> 158.30247
A58: Latvia | B58: 100 | C58: =B58*(1+(C35/100)) -> 103 | D58: =C58*(1+(D35/100)) -> 110.519 | E58: =D58*(1+(E35/100)) -> 112.8399 | F58: =E58*(1+(F35/100)) -> 115.20954 | G58: =F58*(1+(G35/100)) -> 119.5875 | H58: =G58*(1+(H35/100)) -> 122.69677 | I58: =H58*(1+(I35/100)) -> 126.86846 | J58: =I58*(1+(J35/100)) -> 132.32381 | ... V58: =U58*(1+(V35/100)) -> 162.76727
A59: Lithuania | B59: 100 | C59: =B59*(1+(C36/100)) -> 106.3 | D59: =C59*(1+(D36/100)) -> 110.9772 | E59: =D59*(1+(E36/100)) -> 115.52727 | F59: =E59*(1+(F36/100)) -> 119.9173 | G59: =F59*(1+(G36/100)) -> 123.27499 | H59: =G59*(1+(H36/100)) -> 126.48014 | I59: =H59*(1+(I36/100)) -> 132.4247 | J59: =I59*(1+(J36/100)) -> 138.78109 | ... V59: =U59*(1+(V36/100)) -> 189.85838
... A67: Slovenia | B67: 100 | C67: =B67*(1+(C44/100)) -> 100.7 | D67: =C67*(1+(D44/100)) -> 97.7797 | E67: =D67*(1+(E44/100)) -> 96.997462 | F67: =E67*(1+(F44/100)) -> 99.713391 | G67: =F67*(1+(G44/100)) -> 102.10651 | H67: =G67*(1+(H44/100)) -> 105.16971 | I67: =H67*(1+(I44/100)) -> 110.63853 | J67: =I67*(1+(J44/100)) -> 115.50663 | ... V67: =U67*(1+(V44/100)) -> 151.00397
A69: Real GDP (Constant 2010 prices) | B69: 2010 | C69: 2011 | D69: 2012 | E69: 2013 | F69: 2014 | G69: 2015 | H69: 2016 | I69: 2017 | J69: 2018 | K69: 2019 | L69: 2020 | M69: 2021 | N69: 2022 | O69: 2023 | P69: 2024 | Q69: 2025 | R69: 2026 | S69: 2027 | T69: 2028 | U69: 2029 | V69: 2030 | W69: 2010-2025 growth | X69: 2025 - 2030 growth
A71: Albania | B71: =$B2*B48/100 -> 11.937 | C71: =$B2*C48/100 -> 12.235425 | D71: =$B2*D48/100 -> 12.406721 | E71: =$B2*E48/100 -> 12.530788 | F71: =$B2*F48/100 -> 12.756342 | G71: =$B2*G48/100 -> 13.036982 | H71: =$B2*H48/100 -> 13.545424 | I71: =$B2*I48/100 -> 13.992423 | ... V71: =$B2*V48/100 -> 21.758054 | W71: =((Q71/B71)^(1/15))-1 -> 0.028900979 | X71: =((V71/Q71)^(1/5))-1 -> 0.035199923
A72: Armenia | B72: =$B3*B49/100 -> 9.26 | C72: =$B3*C49/100 -> 9.69522 | D72: =$B3*D49/100 -> 10.383581 | E72: =$B3*E49/100 -> 10.736622 | F72: =$B3*F49/100 -> 11.123141 | G72: =$B3*G49/100 -> 11.490204 | H72: =$B3*H49/100 -> 11.513185 | I72: =$B3*I49/100 -> 12.376674 | ... V72: =$B3*V49/100 -> 23.603654 | W72: =((Q72/B72)^(1/15))-1 -> 0.047730924 | X72: =((V72/Q72)^(1/5))-1 -> 0.048393603
A73: Azerbaijan | B73: =$B4*B50/100 -> 52.909 | C73: =$B4*C50/100 -> 52.961909 | D73: =$B4*D50/100 -> 54.127071 | E73: =$B4*E50/100 -> 57.266441 | F73: =$B4*F50/100 -> 58.869901 | G73: =$B4*G50/100 -> 59.51747 | H73: =$B4*H50/100 -> 57.672429 | I73: =$B4*I50/100 -> 57.787774 | ... V73: =$B4*V50/100 -> 78.333443 | W73: =((Q73/B73)^(1/15))-1 -> 0.0180909 | X73: =((V73/Q73)^(1/5))-1 -> 0.025
A74: Bosnia and Herzegovina | B74: =$B5*B51/100 -> 17.207 | C74: =$B5*C51/100 -> 17.37907 | D74: =$B5*D51/100 -> 17.240037 | E74: =$B5*E51/100 -> 17.636558 | F74: =$B5*F51/100 -> 17.848197 | G74: =$B5*G51/100 -> 18.615669 | H74: =$B5*H51/100 -> 19.211371 | I74: =$B5*I51/100 -> 19.826135 | ... V74: =$B5*V51/100 -> 28.585857 | W74: =((Q74/B74)^(1/15))-1 -> 0.024475981 | X74: =((V74/Q74)^(1/5))-1 -> 0.0293993
A75: Bulgaria | B75: =$B6*B52/100 -> 50.69 | C75: =$B6*C52/100 -> 51.75449 | D75: =$B6*D52/100 -> 52.116771 | E75: =$B6*E52/100 -> 51.856188 | F75: =$B6*F52/100 -> 52.322893 | G75: =$B6*G52/100 -> 54.101872 | H75: =$B6*H52/100 -> 55.724928 | I75: =$B6*I52/100 -> 57.229501 | ... V75: =$B6*V52/100 -> 81.693989 | W75: =((Q75/B75)^(1/15))-1 -> 0.023002569 | X75: =((V75/Q75)^(1/5))-1 -> 0.027598328
A76: Croatia | B76: =$B7*B53/100 -> 59.032 | C76: =$B7*C53/100 -> 58.972968 | D76: =$B7*D53/100 -> 57.61659 | E76: =$B7*E53/100 -> 57.558973 | F76: =$B7*F53/100 -> 57.213619 | G76: =$B7*G53/100 -> 58.529533 | H76: =$B7*H53/100 -> 60.578066 | I76: =$B7*I53/100 -> 62.577142 | ... V76: =$B7*V53/100 -> 92.445259 | W76: =((Q76/B76)^(1/15))-1 -> 0.021642498 | X76: =((V76/Q76)^(1/5))-1 -> 0.025799727
A77: Czech Republic | B77: =$B8*B54/100 -> 211.169 | C77: =$B8*C54/100 -> 214.97004 | D77: =$B8*D54/100 -> 213.25028 | E77: =$B8*E54/100 -> 213.25028 | F77: =$B8*F54/100 -> 217.94179 | G77: =$B8*G54/100 -> 228.83888 | H77: =$B8*H54/100 -> 234.78869 | I77: =$B8*I54/100 -> 246.9977 | ... V77: =$B8*V54/100 -> 304.42423 | W77: =((Q77/B77)^(1/15))-1 -> 0.01794242 | X77: =((V77/Q77)^(1/5))-1 -> 0.02
A78: Estonia | B78: =$B9*B55/100 -> 19.569 | C78: =$B9*C55/100 -> 21.056244 | D78: =$B9*D55/100 -> 21.835325 | E78: =$B9*E55/100 -> 22.228361 | F78: =$B9*F55/100 -> 22.961897 | G78: =$B9*G55/100 -> 23.375211 | H78: =$B9*H55/100 -> 24.099842 | I78: =$B9*I55/100 -> 25.449434 | ... V78: =$B9*V55/100 -> 30.249276 | W78: =((Q78/B78)^(1/15))-1 -> 0.023625434 | X78: =((V78/Q78)^(1/5))-1 -> 0.017199331
A79: Georgia | B79: =$B10*B56/100 -> 12.425 | C79: =$B10*C56/100 -> 13.406575 | D79: =$B10*D56/100 -> 14.291409 | E79: =$B10*E56/100 -> 15.020271 | F79: =$B10*F56/100 -> 15.636102 | G79: =$B10*G56/100 -> 16.167729 | H79: =$B10*H56/100 -> 16.717432 | I79: =$B10*I56/100 -> 17.586739 | ... V79: =$B10*V56/100 -> 36.607952 | W79: =((Q79/B79)^(1/15))-1 -> 0.057157182 | X79: =((V79/Q79)^(1/5))-1 -> 0.050599315
A80: Hungary | B80: =$B11*B57/100 -> 131.899 | C80: =$B11*C57/100 -> 134.40508 | D80: =$B11*D57/100 -> 132.65781 | E80: =$B11*E57/100 -> 135.31097 | F80: =$B11*F57/100 -> 141.12934 | G80: =$B11*G57/100 -> 146.35113 | H80: =$B11*H57/100 -> 149.86356 | I80: =$B11*I57/100 -> 156.00796 | ... V80: =$B11*V57/100 -> 208.79938 | W80: =((Q80/B80)^(1/15))-1 -> 0.023110581 | X80: =((V80/Q80)^(1/5))-1 -> 0.023598905
A81: Latvia | B81: =$B12*B58/100 -> 23.509 | C81: =$B12*C58/100 -> 24.21427 | D81: =$B12*D58/100 -> 25.981912 | E81: =$B12*E58/100 -> 26.527532 | F81: =$B12*F58/100 -> 27.08461 | G81: =$B12*G58/100 -> 28.113825 | H81: =$B12*H58/100 -> 28.844785 | I81: =$B12*I58/100 -> 29.825507 | ... V81: =$B12*V58/100 -> 38.264957 | W81: =((Q81/B81)^(1/15))-1 -> 0.025009183 | X81: =((V81/Q81)^(1/5))-1 -> 0.023599687
A82: Lithuania | B82: =$B13*B59/100 -> 36.693 | C82: =$B13*C59/100 -> 39.004659 | D82: =$B13*D59/100 -> 40.720864 | E82: =$B13*E59/100 -> 42.390419 | F82: =$B13*F59/100 -> 44.001255 | G82: =$B13*G59/100 -> 45.233291 | H82: =$B13*H59/100 -> 46.409356 | I82: =$B13*I59/100 -> 48.590596 | ... V82: =$B13*V59/100 -> 69.664736 | W82: =((Q82/B82)^(1/15))-1 -> 0.035113098 | X82: =((V82/Q82)^(1/5))-1 -> 0.024996878
... A90: Slovenia | B90: =$B21*B67/100 -> 47.832 | C90: =$B21*C67/100 -> 48.166824 | D90: =$B21*D67/100 -> 46.769986 | E90: =$B21*E67/100 -> 46.395826 | F90: =$B21*F67/100 -> 47.694909 | G90: =$B21*G67/100 -> 48.839587 | H90: =$B21*H67/100 -> 50.304775 | I90: =$B21*I67/100 -> 52.920623 | ... V90: =$B21*V67/100 -> 72.228221 | W90: =((Q90/B90)^(1/15))-1 -> 0.019895895 | X90: =((V90/Q90)^(1/5))-1 -> 0.023599688
A91: TOTAL | B91: =SUM(B71:B90) -> 1487.356 | C91: =SUM(C71:C90) -> 1537.6283 | D91: =SUM(D71:D90) -> 1550.8626 | E91: =SUM(E71:E90) -> 1566.2548 | F91: =SUM(F71:F90) -> 1614.3231 | G91: =SUM(G71:G90) -> 1675.6479 | H91: =SUM(H71:H90) -> 1719.2107 | I91: =SUM(I71:I90) -> 1802.245 | ... V91: =SUM(V71:V90) -> 2542.0066 | W91: =((Q91/B91)^(1/15))-1 -> 0.027348901 | X91: =((V91/Q91)^(1/5))-1 -> 0.026593398
A93: real GDP growth rate | C93: =C91/B91-1 -> 0.033799802 | D93: =D91/C91-1 -> 0.0086069138 | E93: =E91/D91-1 -> 0.0099249725 | F93: =F91/E91-1 -> 0.030689916 | G93: =G91/F91-1 -> 0.037987946 | H93: =H91/G91-1 -> 0.025997619 | I93: =I91/H91-1 -> 0.048297889 | J93: =J91/I91-1 -> 0.048748821 | ... V93: =V91/U91-1 -> 0.026530742

Sheet GDP WE Oct 2025
A1: GDP, current prices (Billions of U.S. dollars) | B1: 2010 | C1: 2011 | D1: 2012 | E1: 2013 | F1: 2014 | G1: 2015 | H1: 2016 | I1: 2017 | J1: 2018 | K1: 2019 | L1: 2020 | M1: 2021 | N1: 2022 | O1: 2023 | P1: 2024 | Q1: 2025 | R1: 2026 | S1: 2027 | T1: 2028 | U1: 2029 | V1: 2030
A2: Austria | B2: 390.146 | C2: 428.879 | D2: 407.008 | E2: 426.587 | F2: 438.669 | G2: 379.584 | H2: 393.579 | I2: 414.78 | J2: 452.787 | K2: 443.033 | L2: 434.05 | M2: 480.786 | N2: 472.145 | O2: 511.833 | P2: 523.956 | Q2: 566.456 | R2: 604.198 | S2: 625.678 | T2: 646.073 | U2: 666.33 | V2: 685.248
A3: Belgium | B3: 481.949 | C3: 527.106 | D3: 498.731 | E3: 524.106 | F3: 538.127 | G3: 461.091 | H3: 474.141 | I3: 500.733 | J3: 542.885 | K3: 536.787 | L3: 529.269 | M3: 598.92 | N3: 594.081 | O3: 644.84 | P3: 664.365 | Q3: 716.98 | R3: 761.174 | S3: 780.384 | T3: 802.019 | U3: 824.347 | V3: 849.306
A4: Denmark | B4: 322.346 | C4: 344.316 | D4: 326.793 | E4: 344.631 | F4: 352.833 | G4: 301.759 | H4: 312.182 | I4: 331.611 | J4: 355.293 | K4: 345.402 | L4: 355.631 | M4: 406.11 | N4: 400.115 | O4: 404.652 | P4: 424.525 | Q4: 459.612 | R4: 500.051 | S4: 521.566 | T4: 542.455 | U4: 563.668 | V4: 585.835
A5: Finland | B5: 249.633 | C5: 275.079 | D5: 257.606 | E5: 270.272 | F5: 273.549 | G5: 233.234 | H5: 238.712 | I5: 253.757 | J5: 273.993 | K5: 267.044 | L5: 269.784 | M5: 294.419 | N5: 280.474 | O5: 295.135 | P5: 298.607 | Q5: 314.724 | R5: 335.534 | S5: 346.309 | T5: 356.83 | U5: 368.667 | V5: 381.547
A6: France | B6: 2648.391 | C6: 2869.903 | D6: 2684.706 | E6: 2816.119 | F6: 2861.973 | G6: 2442.731 | H6: 2469.726 | I6: 2587.955 | J6: 2782.838 | K6: 2723.094 | L6: 2645.806 | M6: 2968.405 | N6: 2796.987 | O6: 3061.093 | P6: 3160.902 | Q6: 3361.557 | R6: 3558.562 | S6: 3661.084 | T6: 3772.836 | U6: 3890.001 | V6: 4009.171
A7: Germany | B7: 3469.925 | C7: 3822.903 | D7: 3598.761 | E7: 3807.079 | F7: 3965.893 | G7: 3425.446 | H7: 3535.812 | I7: 3764.023 | J7: 4057.272 | K7: 3960.332 | L7: 3938.244 | M7: 4358.147 | N7: 4204.327 | O7: 4563.523 | P7: 4684.182 | Q7: 5013.574 | R7: 5328.184 | S7: 5498.618 | T7: 5674.354 | U7: 5848.295 | V7: 6013.749
A8: Greece | B8: 296.66 | C8: 283.178 | D8: 238.992 | E8: 236.56 | F8: 233.972 | G8: 194.587 | H8: 193.044 | I8: 200.31 | J8: 213.396 | K8: 207.329 | L8: 191.21 | M8: 218.449 | N8: 219.053 | O8: 243.569 | P8: 257.067 | Q8: 282.019 | R8: 304.838 | S8: 316.711 | T8: 327.921 | U8: 339.478 | V8: 351.607
A9: Ireland | B9: 221.914 | C9: 240.934 | D9: 227.066 | E9: 242.928 | F9: 266.559 | G9: 302.133 | H9: 305.347 | I9: 348.232 | J9: 395.96 | K9: 407.256 | L9: 435.659 | M9: 530.747 | N9: 548.773 | O9: 567.537 | P9: 608.974 | Q9: 708.771 | R9: 750.112 | S9: 779.063 | T9: 810.885 | U9: 844.921 | V9: 880.832
A10: Italy | B10: 2146.687 | C10: 2306.568 | D10: 2099.259 | E10: 2153.259 | F10: 2173.815 | G10: 1845.615 | H10: 1886.59 | I10: 1970.027 | J10: 2100.387 | K10: 2019.831 | L10: 1905.956 | M10: 2180.657 | N10: 2105.723 | O10: 2305.27 | P10: 2372.059 | Q10: 2543.677 | R10: 2701.544 | S10: 2764.053 | T10: 2833.607 | U10: 2908.154 | V10: 2985.05
A11: Luxembourg | B11: 56.26 | C11: 61.685 | D11: 59.814 | E11: 65.204 | F11: 68.822 | G11: 60.078 | H11: 62.2 | I11: 65.689 | J11: 71.118 | K11: 69.88 | L11: 73.612 | M11: 86.444 | N11: 80.865 | O11: 88.815 | P11: 93.252 | Q11: 100.642 | R11: 107.758 | S11: 112.169 | T11: 116.867 | U11: 121.716 | V11: 126.829
A12: Malta | B12: 9.104 | C12: 9.788 | D12: 9.616 | E12: 10.797 | F12: 11.891 | G12: 11.342 | H12: 12.022 | I12: 14.156 | J12: 16.161 | K12: 16.34 | L12: 16.392 | M12: 19.753 | N12: 18.943 | O12: 22.617 | P12: 24.964 | Q12: 27.745 | R12: 30.437 | S12: 32.211 | T12: 34.114 | U12: 36.158 | V12: 38.339
... A19: United Kingdom | B19: 2487.924 | C19: 2664.719 | D19: 2707.571 | E19: 2786.665 | F19: 3066.304 | G19: 2928.558 | H19: 2699.086 | I19: 2682.384 | J19: 2875.024 | K19: 2853.074 | L19: 2698.705 | M19: 3144.079 | N19: 3125.404 | O19: 3371.118 | P19: 3644.636 | Q19: 3958.78 | R19: 4225.639 | S19: 4441.871 | T19: 4673.359 | U19: 4928.634 | V19: 5199.779
A20: TOTAL | B20: =SUM(B2:B19) -> 16824.034 | C20: =SUM(C2:C19) -> 18268.485 | D20: =SUM(D2:D19) -> 17259.719 | E20: =SUM(E2:E19) -> 17973.982 | F20: =SUM(F2:F19) -> 18571.063 | G20: =SUM(G2:G19) -> 16350.902 | H20: =SUM(H2:H19) -> 16400.088 | I20: =SUM(I2:I19) -> 17156.088 | ... V20: =SUM(V2:V19) -> 29227.943
A22: Real GDP growth (Annual percent change) | B22: 2010 | C22: 2011 | D22: 2012 | E22: 2013 | F22: 2014 | G22: 2015 | H22: 2016 | I22: 2017 | J22: 2018 | K22: 2019 | L22: 2020 | M22: 2021 | N22: 2022 | O22: 2023 | P22: 2024 | Q22: 2025 | R22: 2026 | S22: 2027 | T22: 2028 | U22: 2029 | V22: 2030
A23: Austria | B23: 1.8 | C23: 2.9 | D23: 0.6 | E23: -0.3 | F23: 0.8 | G23: 1.3 | H23: 2.1 | I23: 2.3 | J23: 2.5 | K23: 1.8 | L23: -6.3 | M23: 4.8 | N23: 5.3 | O23: -1 | P23: -1 | Q23: 0.3 | R23: 0.8 | S23: 1.6 | T23: 1.3 | U23: 1 | V23: 0.7
A24: Belgium | B24: 2.7 | C24: 1.9 | D24: 0.2 | E24: 0.3 | F24: 1.8 | G24: 1.5 | H24: 1.2 | I24: 1.5 | J24: 1.9 | K24: 2.4 | L24: -4.8 | M24: 6.2 | N24: 4.3 | O24: 1.2 | P24: 1 | Q24: 1.1 | R24: 1 | S24: 1.3 | T24: 1.2 | U24: 1.3 | V24: 1.3
A25: Denmark | B25: 1.6 | C25: 1.3 | D25: 0 | E25: 1.4 | F25: 1.3 | G25: 2.1 | H25: 3.1 | I25: 3.1 | J25: 1.9 | K25: 1.7 | L25: -1.8 | M25: 6.5 | N25: 0.4 | O25: 0.6 | P25: 3.5 | Q25: 1.8 | R25: 2.2 | S25: 1.6 | T25: 1.5 | U25: 1.5 | V25: 1.5
A26: Finland | B26: 3.2 | C26: 2.4 | D26: -1.5 | E26: -1 | F26: -0.5 | G26: 0.5 | H26: 2.6 | I26: 3.3 | J26: 1.2 | K26: 1.3 | L26: -2.5 | M26: 2.7 | N26: 0.8 | O26: -0.9 | P26: 0.4 | Q26: 0.5 | R26: 1.3 | S26: 1.3 | T26: 1.3 | U26: 1.2 | V26: 1.2
A27: France | B27: 1.8 | C27: 2.5 | D27: 0.2 | E27: 0.9 | F27: 1 | G27: 1 | H27: 0.7 | I27: 2.3 | J27: 1.6 | K27: 2.1 | L27: -7.6 | M27: 6.8 | N27: 2.8 | O27: 1.6 | P27: 1.1 | Q27: 0.7 | R27: 0.9 | S27: 1.2 | T27: 1.3 | U27: 1.2 | V27: 1.2
A28: Germany | B28: 4.1 | C28: 3.8 | D28: 0.5 | E28: 0.4 | F28: 2.2 | G28: 1.7 | H28: 2.2 | I28: 2.8 | J28: 1.1 | K28: 1 | L28: -4.1 | M28: 3.9 | N28: 1.8 | O28: -0.9 | P28: -0.5 | Q28: 0.2 | R28: 0.9 | S28: 1.5 | T28: 1.2 | U28: 1 | V28: 0.7
A29: Greece | B29: -5.7 | C29: -9.9 | D29: -8.3 | E29: -2.3 | F29: 0.8 | G29: -0.2 | H29: 0 | I29: 1.5 | J29: 2.1 | K29: 2.3 | L29: -9.2 | M29: 8.7 | N29: 5.7 | O29: 2.3 | P29: 2.3 | Q29: 2 | R29: 2 | S29: 1.5 | T29: 1.6 | U29: 1.6 | V29: 1.6
A30: Ireland | B30: 1.7 | C30: 1.6 | D30: -0.4 | E30: 2.2 | F30: 9.4 | G30: 24.6 | H30: 1.2 | I30: 10.1 | J30: 7.7 | K30: 5 | L30: 7.2 | M30: 16.3 | N30: 7.5 | O30: -2.5 | P30: 2.6 | Q30: 9.1 | R30: 1.3 | S30: 2.5 | T30: 2.4 | U30: 2.3 | V30: 2.3
A31: Italy | B31: 1.5 | C31: 0.7 | D31: -3.1 | E31: -1.8 | F31: 0 | G31: 0.9 | H31: 1.2 | I31: 1.6 | J31: 0.8 | K31: 0.4 | L31: -8.9 | M31: 8.9 | N31: 4.8 | O31: 0.7 | P31: 0.7 | Q31: 0.5 | R31: 0.8 | S31: 0.6 | T31: 0.7 | U31: 0.7 | V31: 0.7
A32: Luxembourg | B32: 3.8 | C32: 1 | D32: 1.6 | E32: 3.2 | F32: 2.6 | G32: 2.3 | H32: 5 | I32: 1.3 | J32: 1.6 | K32: 2.7 | L32: -0.5 | M32: 6.9 | N32: -1.1 | O32: 0.1 | P32: 0.4 | Q32: 1.2 | R32: 2.1 | S32: 2.3 | T32: 2.2 | U32: 2.1 | V32: 2.1
A33: Malta | B33: 6.2 | C33: 1 | D33: 4.1 | E33: 6.3 | F33: 7.6 | G33: 9.6 | H33: 4.1 | I33: 13 | J33: 7.2 | K33: 4.1 | L33: -3.5 | M33: 13.4 | N33: 2.5 | O33: 10.6 | P33: 6.8 | Q33: 3.9 | R33: 3.9 | S33: 4 | T33: 4 | U33: 4 | V33: 4
... A42: Indexation | B42: 2010 | C42: 2011 | D42: 2012 | E42: 2013 | F42: 2014 | G42: 2015 | H42: 2016 | I42: 2017 | J42: 2018 | K42: 2019 | L42: 2020 | M42: 2021 | N42: 2022 | O42: 2023 | P42: 2024 | Q42: 2025 | R42: 2026 | S42: 2027 | T42: 2028 | U42: 2029 | V42: 2030
A44: Austria | B44: 100 | C44: =B44*(1+(C23/100)) -> 102.9 | D44: =C44*(1+(D23/100)) -> 103.5174 | E44: =D44*(1+(E23/100)) -> 103.20685 | F44: =E44*(1+(F23/100)) -> 104.0325 | G44: =F44*(1+(G23/100)) -> 105.38493 | H44: =G44*(1+(H23/100)) -> 107.59801 | I44: =H44*(1+(I23/100)) -> 110.07276 | J44: =I44*(1+(J23/100)) -> 112.82458 | ... V44: =U44*(1+(V23/100)) -> 123.18749
A45: Belgium | B45: 100 | C45: =B45*(1+(C24/100)) -> 101.9 | D45: =C45*(1+(D24/100)) -> 102.1038 | E45: =D45*(1+(E24/100)) -> 102.41011 | F45: =E45*(1+(F24/100)) -> 104.25349 | G45: =F45*(1+(G24/100)) -> 105.8173 | H45: =G45*(1+(H24/100)) -> 107.0871 | I45: =H45*(1+(I24/100)) -> 108.69341 | J45: =I45*(1+(J24/100)) -> 110.75858 | ... V45: =U45*(1+(V24/100)) -> 131.3126
A46: Denmark | B46: 100 | C46: =B46*(1+(C25/100)) -> 101.3 | D46: =C46*(1+(D25/100)) -> 101.3 | E46: =D46*(1+(E25/100)) -> 102.7182 | F46: =E46*(1+(F25/100)) -> 104.05354 | G46: =F46*(1+(G25/100)) -> 106.23866 | H46: =G46*(1+(H25/100)) -> 109.53206 | I46: =H46*(1+(I25/100)) -> 112.92755 | J46: =I46*(1+(J25/100)) -> 115.07318 | ... V46: =U46*(1+(V25/100)) -> 141.42256
A47: Finland | B47: 100 | C47: =B47*(1+(C26/100)) -> 102.4 | D47: =C47*(1+(D26/100)) -> 100.864 | E47: =D47*(1+(E26/100)) -> 99.85536 | F47: =E47*(1+(F26/100)) -> 99.356083 | G47: =F47*(1+(G26/100)) -> 99.852864 | H47: =G47*(1+(H26/100)) -> 102.44904 | I47: =H47*(1+(I26/100)) -> 105.82986 | J47: =I47*(1+(J26/100)) -> 107.09981 | ... V47: =U47*(1+(V26/100)) -> 116.57262
A48: France | B48: 100 | C48: =B48*(1+(C27/100)) -> 102.5 | D48: =C48*(1+(D27/100)) -> 102.705 | E48: =D48*(1+(E27/100)) -> 103.62934 | F48: =E48*(1+(F27/100)) -> 104.66564 | G48: =F48*(1+(G27/100)) -> 105.71229 | H48: =G48*(1+(H27/100)) -> 106.45228 | I48: =H48*(1+(I27/100)) -> 108.90068 | J48: =I48*(1+(J27/100)) -> 110.64309 | ... V48: =U48*(1+(V27/100)) -> 125.57491
A49: Germany | B49: 100 | C49: =B49*(1+(C28/100)) -> 103.8 | D49: =C49*(1+(D28/100)) -> 104.319 | E49: =D49*(1+(E28/100)) -> 104.73628 | F49: =E49*(1+(F28/100)) -> 107.04047 | G49: =F49*(1+(G28/100)) -> 108.86016 | H49: =G49*(1+(H28/100)) -> 111.25509 | I49: =H49*(1+(I28/100)) -> 114.37023 | J49: =I49*(1+(J28/100)) -> 115.6283 | ... V49: =U49*(1+(V28/100)) -> 123.3731
A50: Greece | B50: 100 | C50: =B50*(1+(C29/100)) -> 90.1 | D50: =C50*(1+(D29/100)) -> 82.6217 | E50: =D50*(1+(E29/100)) -> 80.721401 | F50: =E50*(1+(F29/100)) -> 81.367172 | G50: =F50*(1+(G29/100)) -> 81.204438 | H50: =G50*(1+(H29/100)) -> 81.204438 | I50: =H50*(1+(I29/100)) -> 82.422504 | J50: =I50*(1+(J29/100)) -> 84.153377 | ... V50: =U50*(1+(V29/100)) -> 104.09655
A51: Ireland | B51: 100 | C51: =B51*(1+(C30/100)) -> 101.6 | D51: =C51*(1+(D30/100)) -> 101.1936 | E51: =D51*(1+(E30/100)) -> 103.41986 | F51: =E51*(1+(F30/100)) -> 113.14133 | G51: =F51*(1+(G30/100)) -> 140.97409 | H51: =G51*(1+(H30/100)) -> 142.66578 | I51: =H51*(1+(I30/100)) -> 157.07503 | J51: =I51*(1+(J30/100)) -> 169.1698 | ... V51: =U51*(1+(V30/100)) -> 289.10551
A52: Italy | B52: 100 | C52: =B52*(1+(C31/100)) -> 100.7 | D52: =C52*(1+(D31/100)) -> 97.5783 | E52: =D52*(1+(E31/100)) -> 95.821891 | F52: =E52*(1+(F31/100)) -> 95.821891 | G52: =F52*(1+(G31/100)) -> 96.684288 | H52: =G52*(1+(H31/100)) -> 97.844499 | I52: =H52*(1+(I31/100)) -> 99.410011 | J52: =I52*(1+(J31/100)) -> 100.20529 | ... V52: =U52*(1+(V31/100)) -> 110.38342
A53: Luxembourg | B53: 100 | C53: =B53*(1+(C32/100)) -> 101 | D53: =C53*(1+(D32/100)) -> 102.616 | E53: =D53*(1+(E32/100)) -> 105.89971 | F53: =E53*(1+(F32/100)) -> 108.6531 | G53: =F53*(1+(G32/100)) -> 111.15213 | H53: =G53*(1+(H32/100)) -> 116.70973 | I53: =H53*(1+(I32/100)) -> 118.22696 | J53: =I53*(1+(J32/100)) -> 120.11859 | ... V53: =U53*(1+(V32/100)) -> 146.86889
A54: Malta | B54: 100 | C54: =B54*(1+(C33/100)) -> 101 | D54: =C54*(1+(D33/100)) -> 105.141 | E54: =D54*(1+(E33/100)) -> 111.76488 | F54: =E54*(1+(F33/100)) -> 120.25901 | G54: =F54*(1+(G33/100)) -> 131.80388 | H54: =G54*(1+(H33/100)) -> 137.20784 | I54: =H54*(1+(I33/100)) -> 155.04486 | J54: =I54*(1+(J33/100)) -> 166.20809 | ... V54: =U54*(1+(V33/100)) -> 289.50625
A55: Netherlands | B55: 100 | C55: =B55*(1+(C34/100)) -> 101.8 | D55: =C55*(1+(D34/100)) -> 100.782 | E55: =D55*(1+(E34/100)) -> 100.782 | F55: =E55*(1+(F34/100)) -> 102.39451 | G55: =F55*(1+(G34/100)) -> 104.5448 | H55: =G55*(1+(H34/100)) -> 107.05387 | I55: =H55*(1+(I34/100)) -> 110.05138 | J55: =I55*(1+(J34/100)) -> 112.58256 | ... V55: =U55*(1+(V34/100)) -> 134.28101
... A61: United Kingdom | B61: 100 | C61: =B61*(1+(C40/100)) -> 101.1 | D61: =C61*(1+(D40/100)) -> 102.6165 | E61: =D61*(1+(E40/100)) -> 104.4636 | F61: =E61*(1+(F40/100)) -> 107.80643 | G61: =F61*(1+(G40/100)) -> 110.17817 | H61: =G61*(1+(H40/100)) -> 112.27156 | I61: =H61*(1+(I40/100)) -> 115.30289 | J61: =I61*(1+(J40/100)) -> 116.91713 | ... V61: =U61*(1+(V40/100)) -> 133.67158
A63: Real GDP (Constant 2010 prices) | B63: 2010 | C63: 2011 | D63: 2012 | E63: 2013 | F63: 2014 | G63: 2015 | H63: 2016 | I63: 2017 | J63: 2018 | K63: 2019 | L63: 2020 | M63: 2021 | N63: 2022 | O63: 2023 | P63: 2024 | Q63: 2025 | R63: 2026 | S63: 2027 | T63: 2028 | U63: 2029 | V63: 2030 | W63: 2010-2015 growth
A65: Austria | B65: =$B2*B44/100 -> 390.146 | C65: =$B2*C44/100 -> 401.46023 | D65: =$B2*D44/100 -> 403.869 | E65: =$B2*E44/100 -> 402.65739 | F65: =$B2*F44/100 -> 405.87865 | G65: =$B2*G44/100 -> 411.15507 | H65: =$B2*H44/100 -> 419.78933 | I65: =$B2*I44/100 -> 429.44448 | ... V65: =$B2*V44/100 -> 480.61107 | W65: =((Q65/B65)^(1/15))-1 -> 0.010377047
A66: Belgium | B66: =$B3*B45/100 -> 481.949 | C66: =$B3*C45/100 -> 491.10603 | D66: =$B3*D45/100 -> 492.08824 | E66: =$B3*E45/100 -> 493.56451 | F66: =$B3*F45/100 -> 502.44867 | G66: =$B3*G45/100 -> 509.9854 | H66: =$B3*H45/100 -> 516.10522 | I66: =$B3*I45/100 -> 523.8468 | ... V66: =$B3*V45/100 -> 632.85975 | W66: =((Q66/B66)^(1/15))-1 -> 0.014219006
A67: Denmark | B67: =$B4*B46/100 -> 322.346 | C67: =$B4*C46/100 -> 326.5365 | D67: =$B4*D46/100 -> 326.5365 | E67: =$B4*E46/100 -> 331.10801 | F67: =$B4*F46/100 -> 335.41241 | G67: =$B4*G46/100 -> 342.45607 | H67: =$B4*H46/100 -> 353.07221 | I67: =$B4*I46/100 -> 364.01745 | ... V67: =$B4*V46/100 -> 455.86997 | W67: =((Q67/B67)^(1/15))-1 -> 0.017774889
A68: Finland | B68: =$B5*B47/100 -> 249.633 | C68: =$B5*C47/100 -> 255.62419 | D68: =$B5*D47/100 -> 251.78983 | E68: =$B5*E47/100 -> 249.27193 | F68: =$B5*F47/100 -> 248.02557 | G68: =$B5*G47/100 -> 249.2657 | H68: =$B5*H47/100 -> 255.74661 | I68: =$B5*I47/100 -> 264.18625 | ... V68: =$B5*V47/100 -> 291.00372 | W68: =((Q68/B68)^(1/15))-1 -> 0.0060675599
A69: France | B69: =$B6*B48/100 -> 2648.391 | C69: =$B6*C48/100 -> 2714.6008 | D69: =$B6*D48/100 -> 2720.03 | E69: =$B6*E48/100 -> 2744.5102 | F69: =$B6*F48/100 -> 2771.9553 | G69: =$B6*G48/100 -> 2799.6749 | H69: =$B6*H48/100 -> 2819.2726 | I69: =$B6*I48/100 -> 2884.1159 | ... V69: =$B6*V48/100 -> 3325.7146 | W69: =((Q69/B69)^(1/15))-1 -> 0.01140256
A70: Germany | B70: =$B7*B49/100 -> 3469.925 | C70: =$B7*C49/100 -> 3601.7822 | D70: =$B7*D49/100 -> 3619.7911 | E70: =$B7*E49/100 -> 3634.2702 | F70: =$B7*F49/100 -> 3714.2242 | G70: =$B7*G49/100 -> 3777.366 | H70: =$B7*H49/100 -> 3860.468 | I70: =$B7*I49/100 -> 3968.5611 | ... V70: =$B7*V49/100 -> 4280.954 | W70: =((Q70/B70)^(1/15))-1 -> 0.010544541
A71: Greece | B71: =$B8*B50/100 -> 296.66 | C71: =$B8*C50/100 -> 267.29066 | D71: =$B8*D50/100 -> 245.10554 | E71: =$B8*E50/100 -> 239.46811 | F71: =$B8*F50/100 -> 241.38385 | G71: =$B8*G50/100 -> 240.90109 | H71: =$B8*H50/100 -> 240.90109 | I71: =$B8*I50/100 -> 244.5146 | ... V71: =$B8*V50/100 -> 308.81283 | W71: =((Q71/B71)^(1/15))-1 -> -0.0028068955
A72: Ireland | B72: =$B9*B51/100 -> 221.914 | C72: =$B9*C51/100 -> 225.46462 | D72: =$B9*D51/100 -> 224.56277 | E72: =$B9*E51/100 -> 229.50315 | F72: =$B9*F51/100 -> 251.07644 | G72: =$B9*G51/100 -> 312.84125 | H72: =$B9*H51/100 -> 316.59534 | I72: =$B9*I51/100 -> 348.57147 | ... V72: =$B9*V51/100 -> 641.5656 | W72: =((Q72/B72)^(1/15))-1 -> 0.065724105
A73: Italy | B73: =$B10*B52/100 -> 2146.687 | C73: =$B10*C52/100 -> 2161.7138 | D73: =$B10*D52/100 -> 2094.7007 | E73: =$B10*E52/100 -> 2056.9961 | F73: =$B10*F52/100 -> 2056.9961 | G73: =$B10*G52/100 -> 2075.509 | H73: =$B10*H52/100 -> 2100.4151 | I73: =$B10*I52/100 -> 2134.0218 | ... V73: =$B10*V52/100 -> 2369.5865 | W73: =((Q73/B73)^(1/15))-1 -> 0.0042699333
A74: Luxembourg | B74: =$B11*B53/100 -> 56.26 | C74: =$B11*C53/100 -> 56.8226 | D74: =$B11*D53/100 -> 57.731762 | E74: =$B11*E53/100 -> 59.579178 | F74: =$B11*F53/100 -> 61.128237 | G74: =$B11*G53/100 -> 62.534186 | H74: =$B11*H53/100 -> 65.660895 | I74: =$B11*I53/100 -> 66.514487 | ... V74: =$B11*V53/100 -> 82.628436 | W74: =((Q74/B74)^(1/15))-1 -> 0.018673644
A75: Malta | B75: =$B12*B54/100 -> 9.104 | C75: =$B12*C54/100 -> 9.19504 | D75: =$B12*D54/100 -> 9.5720366 | E75: =$B12*E54/100 -> 10.175075 | F75: =$B12*F54/100 -> 10.948381 | G75: =$B12*G54/100 -> 11.999425 | H75: =$B12*H54/100 -> 12.491402 | I75: =$B12*I54/100 -> 14.115284 | ... V75: =$B12*V54/100 -> 26.356649 | W75: =((Q75/B75)^(1/15))-1 -> 0.059564184
A76: Netherlands | B76: =$B13*B55/100 -> 853.161 | C76: =$B13*C55/100 -> 868.5179 | D76: =$B13*D55/100 -> 859.83272 | E76: =$B13*E55/100 -> 859.83272 | F76: =$B13*F55/100 -> 873.59004 | G76: =$B13*G55/100 -> 891.93543 | H76: =$B13*H55/100 -> 913.34188 | I76: =$B13*I55/100 -> 938.91546 | ... V76: =$B13*V55/100 -> 1145.6332 | W76: =((Q76/B76)^(1/15))-1 -> 0.015464037
... A82: United Kingdom | B82: =$B19*B61/100 -> 2487.924 | C82: =$B19*C61/100 -> 2515.2912 | D82: =$B19*D61/100 -> 2553.0205 | E82: =$B19*E61/100 -> 2598.9749 | F82: =$B19*F61/100 -> 2682.1421 | G82: =$B19*G61/100 -> 2741.1492 | H82: =$B19*H61/100 -> 2793.2311 | I82: =$B19*I61/100 -> 2868.6483 | ... V82: =$B19*V61/100 -> 3325.6473 | W82: =((Q82/B82)^(1/15))-1 -> 0.014822252
A83: TOTAL | B83: =SUM(B65:B82) -> 16824.034 | C83: =SUM(C65:C82) -> 17104.586 | D83: =SUM(D65:D82) -> 17034.045 | E83: =SUM(E65:E82) -> 17085.535 | F83: =SUM(F65:F82) -> 17388.073 | G83: =SUM(G65:G82) -> 17761.924 | H83: =SUM(H65:H82) -> 18079.32 | I83: =SUM(I65:I82) -> 18544.093 | ... V83: =SUM(V65:V82) -> 21680.974

Sheet Population
A1: POPULATION | I1: 40543 | J1: =EOMONTH(I1,12) -> 40908 | K1: =EOMONTH(J1,12) -> 41274 | L1: =EOMONTH(K1,12) -> 41639 | M1: =EOMONTH(L1,12) -> 42004 | N1: =EOMONTH(M1,12) -> 42369 | O1: =EOMONTH(N1,12) -> 42735 | P1: =EOMONTH(O1,12) -> 43100 | Q1: =EOMONTH(P1,12) -> 43465 | ... AC1: =EOMONTH(AB1,12) -> 47848
A2: Albania | C2: ABIA | D2: =UPPER(LEFT(A2,3)) -> ALB | F2: =C2&"TBSP Index" -> ABIATBSP Index | I2: 2986952 | J2: 2994667 | K2: 3002859 | L2: 3011405 | M2: 3020209 | N2: 3029278 | O2: 3038594 | P2: 3047987 | Q2: 3057220 | R2: 3066126 | S2: 3074579 | T2: 3082448 | U2: 3095344 | V2: 3101621 | W2: 3107100 | X2: 3111630 | Y2: 3115029 | Z2: 3117196 | AA2: 3118092 | AB2: 3117727 | AC2: 3116046
A3: Armenia | C3: ARMN | D3: =UPPER(LEFT(A3,3)) -> ARM | F3: =C3&"TBSP Index" -> ARMNTBSP Index | I3: 3071972 | J3: 3069558 | K3: 3067015 | L3: 3064111 | M3: 3060631 | N3: 3056382 | O3: 3051250 | P3: 3045191 | Q3: 3038217 | R3: 3030288 | S3: 3021324 | T3: 3011222 | U3: 3000756 | V3: 2989091 | W3: 2976765 | X3: 2963837 | Y3: 2950306 | Z3: 2936262 | AA3: 2921860 | AB3: 2907216 | AC3: 2892342
A4: Azerbaijan | C4: AZER | D4: =UPPER(LEFT(A4,3)) -> AZE | F4: =C4&"TBSP Index" -> AZERTBSP Index | I4: 9301673 | J4: 9397279 | K4: 9493600 | L4: 9590159 | M4: 9686210 | N4: 9780780 | O4: 9872765 | P4: 9961396 | Q4: 10046516 | R4: 10128025 | S4: 10205810 | T4: 10279658 | U4: 10559462 | V4: 10604731 | W4: 10650239 | X4: 10694370 | Y4: 10736712 | Z4: 10778564 | AA4: 10819904 | AB4: 10860548 | AC4: 10900586
A5: Bosnia and Herzegovina | C5: BSHE | D5: BIH | F5: =C5&"TBSP Index" -> BSHETBSP Index | I5: 3884899 | J5: 3882359 | K5: 3879296 | L5: 3875723 | M5: 3871643 | N5: 3867055 | O5: 3861912 | P5: 3856181 | Q5: 3849891 | R5: 3843037 | S5: 3835586 | T5: 3827465 | U5: 3816459 | V5: 3807764 | W5: 3798671 | X5: 3789077 | Y5: 3778869 | Z5: 3767946 | AA5: 3756220 | AB5: 3743685 | AC5: 3730292
A6: Bulgaria | C6: BULG | D6: BGR | F6: =C6&"TBSP Index" -> BULGTBSP Index | I6: 7391079 | J6: 7350504 | K6: 7308613 | L6: 7267961 | M6: 7228183 | N6: 7186893 | O6: 7144653 | P6: 7101510 | Q6: 7057504 | R6: 7012640 | S6: 6966899 | T6: 6920315 | U6: 6873253 | V6: 6827736 | W6: 6782659 | X6: 6737997 | Y6: 6693714 | Z6: 6649805 | AA6: 6606303 | AB6: 6563256 | AC6: 6520697
A7: Croatia | C7: CRTA | D7: HRV | F7: =C7&"TBSP Index" -> CRTATBSP Index | I7: 4417475 | J7: 4403676 | K7: 4389754 | L7: 4375160 | M7: 4356748 | N7: 4335285 | O7: 4313911 | P7: 4292667 | Q7: 4271543 | R7: 4250505 | S7: 4229585 | T7: 4208973 | U7: 4188853 | V7: 4169239 | W7: 4150116 | X7: 4131508 | Y7: 4112955 | Z7: 4094087 | AA7: 4075046 | AB7: 4055934 | AC7: 4036866
A8: Czech Republic | C8: CZEC | D8: =UPPER(LEFT(A8,3)) -> CZE | F8: =C8&"TBSP Index" -> CZECTBSP Index | I8: 10550886 | J8: 10573222 | K8: 10587913 | L8: 10591394 | M8: 10602468 | N8: 10623181 | O8: 10643453 | P8: 10671559 | Q8: 10707049 | R8: 10748990 | S8: 10778812 | T8: 10797500 | U8: 10816746 | V8: 10830412 | W8: 10837890 | X8: 10838703 | Y8: 10835323 | Z8: 10830457 | AA8: 10824236 | AB8: 10816841 | AC8: 10808459
A9: Estonia | C9: ESTO | D9: =UPPER(LEFT(A9,3)) -> EST | F9: =C9&"TBSP Index" -> ESTOTBSP Index | I9: 1302817 | J9: 1297236 | K9: 1288868 | L9: 1279726 | M9: 1272393 | N9: 1265255 | O9: 1258272 | P9: 1251222 | Q9: 1243890 | R9: 1236253 | S9: 1228296 | T9: 1220042 | U9: 1211524 | V9: 1202762 | W9: 1193791 | X9: 1184655 | Y9: 1175394 | Z9: 1166047 | AA9: 1156665 | AB9: 1147306 | AC9: 1138017
A10: Georgia | C10: GEOG | D10: =UPPER(LEFT(A10,3)) -> GEO | F10: =C10&"TBSP Index" -> GEOGTBSP Index | I10: 4902939 | J10: 4938340 | K10: 4950269 | L10: 4942158 | M10: 4935889 | N10: 4931249 | O10: 4928106 | P10: 4926448 | Q10: 4926309 | R10: 4927734 | S10: 4930665 | T10: 4933674 | U10: 4935518 | V10: 4927228 | W10: 4900961 | X10: 4877662 | Y10: 4856613 | Z10: 4837299 | AA10: 4819925 | AB10: 4804891 | AC10: 4792455
A11: Hungary | C11: HNGY | D11: =UPPER(LEFT(A11,3)) -> HUN | F11: =C11&"TBSP Index" -> HNGYTBSP Index | I11: 9989465 | J11: 9970530 | K11: 9950567 | L11: 9929530 | M11: 9907419 | N11: 9884329 | O11: 9860398 | P11: 9835682 | Q11: 9810134 | R11: 9783707 | S11: 9756400 | T11: 9728337 | U11: 9699577 | V11: 9885834 | W11: 9855745 | X11: 9827455 | Y11: 9798339 | Z11: 9768324 | AA11: 9737447 | AB11: 9705694 | AC11: 9672981
A12: Latvia | C12: LATV | D12: LVA | F12: =C12&"TBSP Index" -> LATVTBSP Index | I12: 2115339 | J12: 2076493 | K12: 2051103 | L12: 2029430 | M12: 2007714 | N12: 1986717 | O12: 1965848 | P12: 1945078 | Q12: 1924381 | R12: 1903750 | S12: 1883186 | T12: 1862687 | U12: 1842226 | V12: 1821750 | W12: 1801246 | X12: 1780740 | Y12: 1760288 | Z12: 1739920 | AA12: 1719673 | AB12: 1699624 | AC12: 1679841
A13: Lithuania | C13: LITH | D13: LTU | F13: =C13&"TBSP Index" -> LITHTBSP Index | I13: 3088773 | J13: 3015011 | K13: 2973159 | L13: 2943358 | M13: 2914439 | N13: 2884632 | O13: 2855139 | P13: 2825940 | Q13: 2797002 | R13: 2768295 | S13: 2739816 | T13: 2711566 | U13: 2683546 | V13: 2655755 | W13: 2628186 | X13: 2600838 | Y13: 2573717 | Z13: 2546846 | AA13: 2520267 | AB13: 2494042 | AC13: 2468224
A14: Macedonia | C14: MCDN | D14: MKD | F14: =C14&"TBSP Index" -> MCDNTBSP Index | I14: 2072086 | J14: 2077328 | K14: 2082370 | L14: 2087171 | M14: 2091719 | N14: 2096015 | O14: 2100025 | P14: 2103721 | Q14: 2107091 | R14: 2110113 | S14: 2112774 | T14: 2115028 | U14: 2116845 | V14: 2118212 | W14: 2119101 | X14: 2119511 | Y14: 2119419 | Z14: 2118797 | AA14: 2117650 | AB14: 2116000 | AC14: 2113860
A15: Moldova | C15: MLDV | D15: MDA | F15: =C15&"TBSP Index" -> MLDVTBSP Index | I15: 3920438 | J15: 3914098 | K15: 3907889 | L15: 3901481 | M15: 3881027 | N15: 3847644 | O15: 3801856 | P15: 3740498 | Q15: 3680426 | R15: 3626590 | S15: 3587186 | T15: 3563449 | U15: 3592090 | V15: 3620399 | W15: 3599528 | X15: 3578930 | Y15: 3558465 | Z15: 3537962 | AA15: 3517391 | AB15: 3496765 | AC15: 3476121
A16: Montenegro | C16: MNTN | D16: MNE | F16: =C16&"TBSP Index" -> MNTNTBSP Index | I16: 622553 | J16: 622433 | K16: 622079 | L16: 621603 | M16: 620897 | N16: 619723 | O16: 618126 | P16: 616284 | Q16: 614229 | R16: 612064 | S16: 609786 | T16: 607414 | U16: 604966 | V16: 602445 | W16: 599849 | X16: 597174 | Y16: 594406 | Z16: 591525 | AA16: 588514 | AB16: 585362 | AC16: 582062
A17: Poland | C17: PNDO | D17: =UPPER(LEFT(A17,3)) -> POL | F17: =C17&"TBSP Index" -> PNDOTBSP Index | I17: 38616395 | J17: 38631804 | K17: 38632128 | L17: 38618538 | M17: 38592156 | N17: 38559087 | O17: 38518526 | P17: 38469803 | Q17: 38412361 | R17: 38345891 | S17: 38270292 | T17: 38185913 | U17: 38093101 | V17: 37991766 | W17: 38746310 | X17: 38364679 | Y17: 38006623 | Z17: 37684317 | AA17: 37399443 | AB17: 37153792 | AC17: 36949646
A18: Romania | C18: ROMA | D18: ROU | F18: =C18&"TBSP Index" -> ROMATBSP Index | I18: 21959278 | J18: 21904551 | K18: 21848504 | L18: 21790479 | M18: 21729871 | N18: 21666350 | O18: 21599736 | P18: 21529967 | Q18: 21457116 | R18: 21381356 | S18: 21302893 | T18: 21221688 | U18: 21137787 | V18: 21051452 | W18: 20962858 | X18: 20872127 | Y18: 20779194 | Z18: 20684068 | AA18: 20587055 | AB18: 20488470 | AC18: 20388581
A19: Serbia | C19: SERB | D19: SRB | F19: =C19&"TBSP Index" -> SERBTBSP Index | I19: 7233391 | J19: 7195769 | K19: 7159029 | L19: 7124084 | M19: 7089319 | N19: 7052916 | O19: 7015855 | P19: 6978391 | Q19: 6940138 | R19: 6902768 | S19: 6856660 | T19: 6796857 | U19: 6739471 | V19: 6693375 | W19: 6652212 | X19: 6612318 | Y19: 6573488 | Z19: 6535467 | AA19: 6497944 | AB19: 6460689 | AC19: 6423523
A20: Slovakia | C20: SLVK | D20: SVK | F20: =C20&"TBSP Index" -> SLVKTBSP Index | I20: 5426036 | J20: 5433273 | K20: 5440777 | L20: 5446591 | M20: 5451848 | N20: 5456999 | O20: 5463996 | P20: 5472430 | Q20: 5479969 | R20: 5487346 | S20: 5492134 | T20: 5487789 | U20: 5527637 | V20: 5569395 | W20: 5563649 | X20: 5559451 | Y20: 5554882 | Z20: 5548912 | AA20: 5541484 | AB20: 5532691 | AC20: 5522701
A21: Slovenia | C21: SLVN | D21: SVN | F21: =C21&"TBSP Index" -> SLVNTBSP Index | I21: 2084182 | J21: 2088442 | K21: 2092758 | L21: 2095552 | M21: 2097579 | N21: 2099131 | O21: 2100372 | P21: 2101369 | Q21: 2102031 | R21: 2102381 | S21: 2102452 | T21: 2102106 | U21: 2101208 | V21: 2099790 | W21: 2097893 | X21: 2095577 | Y21: 2092892 | Z21: 2089872 | AA21: 2086563 | AB21: 2083023 | AC21: 2079316
A22: TOTAL | I22: =SUM(I2:I21) -> 144938628 | J22: =SUM(J2:J21) -> 144836573 | K22: =SUM(K2:K21) -> 144728550 | L22: =SUM(L2:L21) -> 144585614 | M22: =SUM(M2:M21) -> 144418362 | N22: =SUM(N2:N21) -> 144228901 | O22: =SUM(O2:O21) -> 144012793 | P22: =SUM(P2:P21) -> 143773324 | ... AC22: =SUM(AC2:AC21) -> 139292616
A24: Seats | I24: 2010 | J24: 2011 | K24: 2012 | L24: 2013 | M24: 2014 | N24: 2015 | O24: 2016 | P24: 2017 | Q24: 2018 | R24: 2019 | S24: 2020 | T24: 2021 | U24: 2022 | V24: 2023 | W24: 2024 | X24: 2025 | Y24: 2026 | Z24: 2027 | AA24: 2028 | AB24: 2029 | AC24: 2030
A25: Albania | I25: 939973 | J25: 1016377 | K25: 1034693 | L25: 1074295 | M25: 1076399 | N25: 1005911 | O25: 1049370 | P25: 1404488 | Q25: 1787188 | R25: 2016476 | S25: 1859720 | T25: 2521213 | U25: 3164131 | V25: 4326635 | W25: 6442851 | X25: 6638559
A26: Armenia | I26: 1144007 | J26: 1145954 | K26: 1238707 | L26: 1169057 | M26: 1361498 | N26: 1220497 | O26: 1232165 | P26: 1387372 | Q26: 1754727 | R26: 1830899 | S26: 893952 | T26: 1290705 | U26: 1335620 | V26: 2182214 | W26: 2168187 | X26: 2792403
A27: Azerbaijan | I27: 1471435 | J27: 1618800 | K27: 1739125 | L27: 1822582 | M27: 2000839 | N27: 1968885 | O27: 2086825 | P27: 2214656 | Q27: 2460343 | R27: 2491343 | S27: 890060 | T27: 981579 | U27: 1991799 | V27: 3034856 | W27: 3833041 | X27: 3838236
A28: Bosnia and Herzegovina | I28: 272689 | J28: 300011 | K28: 286730 | L28: 401892 | M28: 468793 | N28: 564655 | O28: 660608 | P28: 868102 | Q28: 941372 | R28: 1067487 | S28: 613823 | T28: 907541 | U28: 1401164 | V28: 1393611 | W28: 1419154 | X28: 1884024
A29: Bulgaria | I29: 2482073 | J29: 2496816 | K29: 2507896 | L29: 3076063 | M29: 3226687 | N29: 3409414 | O29: 4232071 | P29: 5355234 | Q29: 6078650 | R29: 5961213 | S29: 3562353 | T29: 3651665 | U29: 5004597 | V29: 5831305 | W29: 5988612 | X29: 6669189
A30: Croatia | I30: 2421019 | J30: 2441660 | K30: 2593664 | L30: 3038151 | M30: 3245337 | N30: 3485300 | O30: 3919946 | P30: 4672442 | Q30: 5167248 | R30: 5679959 | S30: 1639083 | T30: 3010186 | U30: 5682655 | V30: 5907399 | W30: 7175672 | X30: 8024864
A31: Czech Republic | I31: 6245306 | J31: 6494963 | K31: 6016434 | L31: 6144155 | M31: 6091940 | N31: 6666895 | O31: 7104327 | P31: 8226835 | Q31: 9265068 | R31: 9634047 | S31: 3116214 | T31: 3075645 | U31: 5917244 | V31: 8189106 | W31: 8852441 | X31: 10128232
A32: Estonia | I32: 622568 | J32: 802435 | K32: 572009 | L32: 513089 | M32: 535804 | N32: 644357 | O32: 687670 | P32: 720429 | Q32: 761686 | R32: 971621 | S32: 648006 | T32: 710692 | U32: 1358718 | V32: 1338912 | W32: 1638731 | X32: 1687400
A33: Georgia | I33: 685582 | J33: 777465 | K33: 871297 | L33: 1216478 | M33: 1255737 | N33: 1431545 | O33: 1710468 | P33: 2352669 | Q33: 2999332 | R33: 3168924 | S33: 1092691 | T33: 1844895 | U33: 2627910 | V33: 3599112 | W33: 4067594 | X33: 4646740
A34: Hungary | I34: 4612786 | J34: 4807258 | K34: 4741493 | L34: 4965055 | M34: 5016466 | N34: 5757408 | O34: 6553382 | P34: 7248871 | Q34: 8273216 | R34: 8988876 | S34: 4781772 | T34: 3351127 | U34: 7364375 | V34: 8210485 | W34: 9627811 | X34: 10680110
A35: Latvia | I35: 2673517 | J35: 2364348 | K35: 2237580 | L35: 2209696 | M35: 2069783 | N35: 2259944 | O35: 2212938 | P35: 2412074 | Q35: 2987354 | R35: 3513317 | S35: 1874928 | T35: 2071177 | U35: 3515684 | V35: 3970989 | W35: 4112539 | X35: 4107399
A36: Lithuania | I36: 1075485 | J36: 1214469 | K36: 1493956 | L36: 1626705 | M36: 1671397 | N36: 1908577 | O36: 2162034 | P36: 2402387 | Q36: 2867647 | R36: 2965985 | S36: 1663282 | T36: 1696151 | U36: 2815625 | V36: 2819864 | W36: 3241145 | X36: 3567206
... A44: Slovenia | I44: 274200 | J44: 333612 | K44: 220415 | L44: 281764 | M44: 273434 | N44: 351672 | O44: 378903 | P44: 452821 | Q44: 631781 | R44: 655058 | S44: 157377 | T44: 184439 | U44: 439597 | V44: 538242 | W44: 655335 | X44: 779112
A45: TOTAL | I45: =SUM(I25:I44) -> 43110214 | J45: =SUM(J25:J44) -> 44062821 | K45: =SUM(K25:K44) -> 45315140 | L45: =SUM(L25:L44) -> 49101144 | M45: =SUM(M25:M44) -> 51346430 | N45: =SUM(N25:N44) -> 57918244 | O45: =SUM(O25:O44) -> 64918327 | P45: =SUM(P25:P44) -> 76296513 | ... X45: =SUM(X25:X44) -> 125495551
A47: Seat growth | J47: =J45/I45-1 -> 0.022097014 | K47: =K45/J45-1 -> 0.028421217 | L47: =L45/K45-1 -> 0.083548324 | M47: =M45/L45-1 -> 0.045727774 | N47: =N45/M45-1 -> 0.1279897 | O47: =O45/N45-1 -> 0.12086145 | P47: =P45/O45-1 -> 0.17526924 | Q47: =Q45/P45-1 -> 0.13929827 | ... X47: =X45/W45-1 -> 0.13969415
A49: Seats per capita | I49: 2010 | J49: 2011 | K49: 2012 | L49: 2013 | M49: 2014 | N49: 2015 | O49: 2016 | P49: 2017 | Q49: 2018 | R49: 2019 | S49: 2020 | T49: 2021 | U49: 2022 | V49: 2023 | W49: 2024 | X49: 2025 | Y49: 2026 | Z49: 2027 | AA49: 2028 | AB49: 2029 | AC49: 2030
A51: TOTAL | I51: =I45/I22 -> 0.29743771 | J51: =J45/J22 -> 0.30422441 | K51: =K45/K22 -> 0.31310436 | L51: =L45/L22 -> 0.3395991 | M51: =M45/M22 -> 0.35553948 | N51: =N45/N22 -> 0.40157169 | O51: =O45/O22 -> 0.45078167 | P51: =P45/P22 -> 0.53067225 | ... X51: =X45/X22 -> 0.88167138
A52: Albania | I52: =I25/I2 -> 0.31469304 | J52: =J25/J2 -> 0.33939567 | K52: =K25/K2 -> 0.34456929 | L52: =L25/L2 -> 0.35674212 | M52: =M25/M2 -> 0.35639885 | N52: =N25/N2 -> 0.33206295 | O52: =O25/O2 -> 0.34534722 | P52: =P25/P2 -> 0.46079199 | ... X52: =X25/X2 -> 2.1334667
A53: Armenia | I53: =I26/I3 -> 0.37240151 | J53: =J26/J3 -> 0.37332867 | K53: =K26/K3 -> 0.40388032 | L53: =L26/L3 -> 0.3815322 | M53: =M26/M3 -> 0.44484226 | N53: =N26/N3 -> 0.39932737 | O53: =O26/O3 -> 0.40382302 | P53: =P26/P3 -> 0.45559441 | ... X53: =X26/X3 -> 0.94215809
A54: Azerbaijan | I54: =I27/I4 -> 0.15819036 | J54: =J27/J4 -> 0.17226263 | K54: =K27/K4 -> 0.1831892 | L54: =L27/L4 -> 0.19004711 | M54: =M27/M4 -> 0.20656573 | N54: =N27/N4 -> 0.20130143 | O54: =O27/O4 -> 0.21137189 | P54: =P27/P4 -> 0.22232386 | ... X54: =X27/X4 -> 0.35890249
A55: Bosnia and Herzegovina | I55: =I28/I5 -> 0.070192044 | J55: =J28/J5 -> 0.07727544 | K55: =K28/K5 -> 0.073912896 | L55: =L28/L5 -> 0.10369472 | M55: =M28/M5 -> 0.12108374 | N55: =N28/N5 -> 0.1460168 | O55: =O28/O5 -> 0.17105724 | P55: =P28/P5 -> 0.22511962 | ... X55: =X28/X5 -> 0.49722505
A56: Bulgaria | I56: =I29/I6 -> 0.33582012 | J56: =J29/J6 -> 0.33967956 | K56: =K29/K6 -> 0.34314254 | L56: =L29/L6 -> 0.42323604 | M56: =M29/M6 -> 0.44640361 | N56: =N29/N6 -> 0.47439332 | O56: =O29/O6 -> 0.59234101 | P56: =P29/P6 -> 0.75409793 | ... X56: =X29/X6 -> 0.98978806
A57: Croatia | I57: =I30/I7 -> 0.54805494 | J57: =J30/J7 -> 0.5544595 | K57: =K30/K7 -> 0.59084495 | L57: =L30/L7 -> 0.69440912 | M57: =M30/M7 -> 0.74489895 | N57: =N30/N7 -> 0.80393792 | O57: =O30/O7 -> 0.90867568 | P57: =P30/P7 -> 1.0884706 | ... X57: =X30/X7 -> 1.9423571
A58: Czech Republic | I58: =I31/I8 -> 0.59192242 | J58: =J31/J8 -> 0.61428418 | K58: =K31/K8 -> 0.56823606 | L58: =L31/L8 -> 0.58010825 | M58: =M31/M8 -> 0.57457754 | N58: =N31/N8 -> 0.62757991 | O58: =O31/O8 -> 0.66748329 | P58: =P31/P8 -> 0.7709122 | ... X58: =X31/X8 -> 0.93445055
A59: Estonia | I59: =I32/I9 -> 0.47786297 | J59: =J32/J9 -> 0.61857287 | K59: =K32/K9 -> 0.44380728 | L59: =L32/L9 -> 0.40093661 | M59: =M32/M9 -> 0.42109946 | N59: =N32/N9 -> 0.50927046 | O59: =O32/O9 -> 0.54651935 | P59: =P32/P9 -> 0.57578032 | ... X59: =X32/X9 -> 1.4243809
A60: Georgia | I60: =I33/I10 -> 0.13983082 | J60: =J33/J10 -> 0.15743448 | K60: =K33/K10 -> 0.17601003 | L60: =L33/L10 -> 0.24614308 | M60: =M33/M10 -> 0.25440949 | N60: =N33/N10 -> 0.29030069 | O60: =O33/O10 -> 0.34708426 | P60: =P33/P10 -> 0.47755888 | ... X60: =X33/X10 -> 0.95265724
A61: Hungary | I61: =I34/I11 -> 0.46176507 | J61: =J34/J11 -> 0.48214669 | K61: =K34/K11 -> 0.47650481 | L61: =L34/L11 -> 0.50002921 | M61: =M34/M11 -> 0.50633429 | N61: =N34/N11 -> 0.58247839 | O61: =O34/O11 -> 0.66461638 | P61: =P34/P11 -> 0.73699729 | ... X61: =X34/X11 -> 1.0867625
A62: Latvia | I62: =I35/I12 -> 1.2638717 | J62: =J35/J12 -> 1.1386256 | K62: =K35/K12 -> 1.0909155 | L62: =L35/L12 -> 1.0888259 | M62: =M35/M12 -> 1.0309153 | N62: =N35/N12 -> 1.1375269 | O62: =O35/O12 -> 1.1256913 | P62: =P35/P12 -> 1.2400911 | ... X62: =X35/X12 -> 2.3065686
A63: Lithuania | I63: =I36/I13 -> 0.34819166 | J63: =J36/J13 -> 0.40280749 | K63: =K36/K13 -> 0.50248103 | L63: =L36/L13 -> 0.55266977 | M63: =M36/M13 -> 0.57348841 | N63: =N36/N13 -> 0.66163622 | O63: =O36/O13 -> 0.75724299 | P63: =P36/P13 -> 0.85011961 | ... X63: =X36/X13 -> 1.3715602
... A71: Slovenia | I71: =I44/I21 -> 0.13156241 | J71: =J44/J21 -> 0.15974205 | K71: =K44/K21 -> 0.10532274 | L71: =L44/L21 -> 0.13445813 | M71: =M44/M21 -> 0.13035695 | N71: =N44/N21 -> 0.16753218 | O71: =O44/O21 -> 0.18039804 | P71: =P44/P21 -> 0.21548857 | ... X71: =X44/X21 -> 0.37178877
A73: GDP per capita | I73: 2010 | J73: 2011 | K73: 2012 | L73: 2013 | M73: 2014 | N73: 2015 | O73: 2016 | P73: 2017 | Q73: 2018 | R73: 2019 | S73: 2020 | T73: 2021 | U73: 2022 | V73: 2023 | W73: 2024 | X73: 2025 | Y73: 2026 | Z73: 2027 | AA73: 2028 | AB73: 2029 | AC73: 2030
A75: Albania | X75: =' GDP CEE Oct 2025'!Q2*10^9/X2 -> 9621.6452
A76: Armenia | X76: =' GDP CEE Oct 2025'!Q3*10^9/X3 -> 9399.6397
A77: Azerbaijan | X77: =' GDP CEE Oct 2025'!Q4*10^9/X4 -> 7143.0108
A78: Bosnia and Herzegovina | X78: =' GDP CEE Oct 2025'!Q5*10^9/X5 -> 8771.7932
A79: Bulgaria | X79: =' GDP CEE Oct 2025'!Q6*10^9/X6 -> 18985.464
A80: Croatia | X80: =' GDP CEE Oct 2025'!Q7*10^9/X7 -> 25148.445
A81: Czech Republic | X81: =' GDP CEE Oct 2025'!Q8*10^9/X8 -> 35371.76
A82: Estonia | X82: =' GDP CEE Oct 2025'!Q9*10^9/X9 -> 39473.94
A83: Georgia | X83: =' GDP CEE Oct 2025'!Q10*10^9/X10 -> 7668.223
A84: Hungary | X84: =' GDP CEE Oct 2025'!Q11*10^9/X11 -> 25210.901
A85: Latvia | X85: =' GDP CEE Oct 2025'!Q12*10^9/X12 -> 26887.698
A86: Lithuania | X86: =' GDP CEE Oct 2025'!Q13*10^9/X13 -> 36632.039
... A95: TOTAL | X95: =' GDP CEE Oct 2025'!Q22*10^9/X22 -> 21789.31
A100: POPULATION | I100: 40543 | J100: 40908 | K100: 41274 | L100: 41639 | M100: 42004 | N100: 42369 | O100: 42735 | P100: 43100 | Q100: 43465 | R100: 43830 | S100: 44196 | T100: 44561 | U100: 44926 | V100: 45291 | W100: 45657 | X100: 46022 | Y100: 46387 | Z100: 46752 | AA100: 47118 | AB100: 47483 | AC100: 47848
A101: Austria | C101: ARIA | D101: AUS | F101: ARIATBSP Index | I101: 8447901 | J101: 8475092 | K101: 8513010 | L101: 8562634 | M101: 8615828 | N101: 8665550 | O101: 8711770 | P101: 8754413 | Q101: 8793370 | R101: 8828456 | S101: 8859449 | T101: 8887740 | U101: 8913088 | V101: 8940860 | W101: 8967982 | X101: 8994273 | Y101: 9019616 | Z101: 9043979 | AA101: 9067339 | AB101: 9089642 | AC101: 9110865
A102: Belgium | C102: BELG | D102: BEL | F102: BELGTBSP Index | I102: 10865722 | J102: 10962548 | K102: 11058133 | L102: 11148086 | M102: 11236729 | N102: 11323973 | O102: 11409077 | P102: 11491346 | Q102: 11570762 | R102: 11647253 | S102: 11720716 | T102: 11790963 | U102: 11847338 | V102: 11913633 | W102: 11977634 | X102: 12039272 | Y102: 12098499 | Z102: 12155250 | AA102: 12209439 | AB102: 12261001 | AC102: 12309925
A103: Denmark | C103: DENM | D103: DEN | F103: DENMTBSP Index | I103: 5546980 | J103: 5570463 | K103: 5592472 | L103: 5617172 | M103: 5647207 | N103: 5688232 | O103: 5733361 | P103: 5773404 | Q103: 5809375 | R103: 5841245 | S103: 5868927 | T103: 5894687 | U103: 5920767 | V103: 5946984 | W103: 5973136 | X103: 5999028 | Y103: 6024472 | Z103: 6049290 | AA103: 6073340 | AB103: 6096523 | AC103: 6118770
A104: Finland | C104: FINL | D104: BLR | F104: FINLTBSP Index | I104: 5354669 | J104: 5379679 | K104: 5405387 | L104: 5430351 | M104: 5454465 | N104: 5477371 | O104: 5499022 | P104: 5519372 | Q104: 5538400 | R104: 5556081 | S104: 5572355 | T104: 5587442 | U104: 5601547 | V104: 5614571 | W104: 5626414 | X104: 5636997 | Y104: 5646225 | Z104: 5654014 | AA104: 5660359 | AB104: 5665260 | AC104: 5668706
A105: France | C105: FRNC | D105: BIH | F105: FRNCTBSP Index | I105: 64934209 | J105: 65294831 | K105: 65638922 | L105: 65966626 | M105: 66278308 | N105: 66575000 | O105: 66857439 | P105: 67126156 | Q105: 67382001 | R105: 67625957 | S105: 67858873 | T105: 68084217 | U105: 68305148 | V105: 68521974 | W105: 68735341 | X105: 68945586 | Y105: 69151859 | Z105: 69352906 | AA105: 69548296 | AB105: 69738198 | AC105: 69922460
A106: Germany | C106: GERM | D106: BGR | F106: GERMTBSP Index | I106: 81638328 | J106: 81459066 | K106: 81285373 | L106: 81118341 | M106: 80958737 | N106: 80806711 | O106: 80665175 | P106: 80527161 | Q106: 80382551 | R106: 80230554 | S106: 80069820 | T106: 79903481 | U106: 84316622 | V106: 84220184 | W106: 84119100 | X106: 84012284 | Y106: 83899469 | Z106: 83781138 | AA106: 83657423 | AB106: 83527852 | AC106: 83392190
A107: Greece | C107: RGCE | D107: HRV | F107: RGCETBSP Index | I107: 11039844 | J107: 11017574 | K107: 10948200 | L107: 10872247 | M107: 10801129 | N107: 10728157 | O107: 10703982 | P107: 10698002 | Q107: 10668856 | R107: 10638236 | S107: 10604841 | T107: 10569703 | U107: 10533871 | V107: 10497595 | W107: 10461091 | X107: 10424536 | Y107: 10387931 | Z107: 10351313 | AA107: 10314860 | AB107: 10278665 | AC107: 10242709
A108: Ireland | C108: IRLD | D108: IRE | F108: IRLDTBSP Index | I108: 4622824 | J108: 4670781 | K108: 4721704 | L108: 4775487 | M108: 4832026 | N108: 4891224 | O108: 4950973 | P108: 5009156 | Q108: 5065676 | R108: 5120458 | S108: 5173463 | T108: 5224884 | U108: 5275004 | V108: 5180761 | W108: 5233461 | X108: 5279007 | Y108: 5320864 | Z108: 5361983 | AA108: 5402540 | AB108: 5442638 | AC108: 5482251
A109: Italy | C109: ITAL | D109: ITA | F109: ITALTBSP Index | I109: 60786485 | J109: 61092001 | K109: 61303175 | L109: 61433746 | M109: 61504156 | N109: 61512589 | O109: 61499222 | P109: 61498899 | Q109: 61488598 | R109: 61449057 | S109: 61337765 | T109: 61196793 | U109: 61095551 | V109: 61021855 | W109: 60964931 | X109: 60924851 | Y109: 60896213 | Z109: 60873567 | AA109: 60856833 | AB109: 60845808 | AC109: 60840335
A110: Luxembourg | C110: LUXE | D110: LUX | F110: LUXETBSP Index | I110: 509257 | J110: 520556 | K110: 533061 | L110: 545474 | M110: 557989 | N110: 570252 | O110: 582291 | P110: 594130 | Q110: 605764 | R110: 617185 | S110: 628615 | T110: 639589 | U110: 650364 | V110: 660924 | W110: 671254 | X110: 681340 | Y110: 691169 | Z110: 700723 | AA110: 709980 | AB110: 718923 | AC110: 727545
A111: Malta | C111: MALT | D111: MAL | F111: MALTTBSP Index | I111: 417173 | J111: 418933 | K111: 422121 | L111: 426039 | M111: 430028 | N111: 434537 | O111: 439578 | P111: 444458 | Q111: 449044 | R111: 453321 | S111: 457270 | T111: 460891 | U111: 464186 | V111: 467138 | W111: 469730 | X111: 471946 | Y111: 473893 | Z111: 475679 | AA111: 477301 | AB111: 478758 | AC111: 480049
A112: Netherlands | C112: NTHR | D112: LVA | F112: NTHRTBSP Index | I112: 16573644 | J112: 16653044 | K112: 16729271 | L112: 16802870 | M112: 16874277 | N112: 16943854 | O112: 17012019 | P112: 17079084 | Q112: 17145121 | R112: 17210116 | S112: 17274001 | T112: 17337403 | U112: 17400824 | V112: 17694798 | W112: 17772378 | X112: 17833885 | Y112: 17887585 | Z112: 17941744 | AA112: 17995753 | AB112: 18049115 | AC112: 18101400
... A118: United Kingdom | C118: UNKI | D118: ROU | F118: UNKITBSP Index | I118: 62348447 | J118: 62698362 | K118: 63047162 | L118: 63395574 | M118: 63742977 | N118: 64088222 | O118: 64430428 | P118: 64769452 | Q118: 65105246 | R118: 65436510 | S118: 67022855 | T118: 67419123 | U118: 67791400 | V118: 68138484 | W118: 68459055 | X118: 68751311 | Y118: 69027283 | Z118: 69299419 | AA118: 69567012 | AB118: 69830169 | AC118: 70088809
A119: TOTAL | I119: =SUM(I101:I118) -> 412409107 | J119: =SUM(J101:J118) -> 413800645 | K119: =SUM(K101:K118) -> 414906014 | L119: =SUM(L101:L118) -> 415793580 | M119: =SUM(M101:M118) -> 416659007 | N119: =SUM(N101:N118) -> 417584499 | O119: =SUM(O101:O118) -> 418634367 | P119: =SUM(P101:P118) -> 419756250 | ... AC119: =SUM(AC101:AC118) -> 436040107
A121: Seats | I121: 2010 | J121: 2011 | K121: 2012 | L121: 2013 | M121: 2014 | N121: 2015 | O121: 2016 | P121: 2017 | Q121: 2018 | R121: 2019 | S121: 2020 | T121: 2021 | U121: 2022 | V121: 2023 | W121: 2024 | X121: 2025 | Y121: 2026 | Z121: 2027 | AA121: 2028 | AB121: 2029 | AC121: 2030
A122: Austria | I122: 12182313 | J122: 13210718 | K122: 13131988 | L122: 13178673 | M122: 13708965 | N122: 14059852 | O122: 14684504 | P122: 15269016 | Q122: 16538560 | R122: 18925625 | S122: 8795734 | T122: 8482543 | U122: 16254228 | V122: 18923672 | W122: 19618506 | X122: 20025743
A123: Belgium | I123: 10398765 | J123: 11431576 | K123: 12122252 | L123: 12632215 | M123: 13894582 | N123: 15020688 | O123: 15804760 | P123: 16920740 | Q123: 17334400 | R123: 17941426 | S123: 7107573 | T123: 8364616 | U123: 15150085 | V123: 16572886 | W123: 17974576 | X123: 19229451
A124: Denmark | I124: 12143322 | J124: 12470660 | K124: 13096334 | L124: 14238469 | M124: 14337987 | N124: 15006416 | O124: 16750839 | P124: 16669006 | Q124: 17964565 | R124: 17736435 | S124: 6881164 | T124: 6738603 | U124: 14442434 | V124: 16920661 | W124: 18395367 | X124: 19019572
A125: Finland | I125: 7884543 | J125: 9141389 | K125: 8709380 | L125: 8662827 | M125: 9012276 | N125: 9330341 | O125: 9564652 | P125: 10357309 | Q125: 11858562 | R125: 11927663 | S125: 3952759 | T125: 3028981 | U125: 7829794 | V125: 8419234 | W125: 9339434 | X125: 9998578
A126: France | I126: 64849790 | J126: 66480837 | K126: 70607465 | L126: 71548934 | M126: 72233239 | N126: 74335978 | O126: 77830478 | P126: 80661968 | Q126: 84819250 | R126: 87752999 | S126: 38900525 | T126: 45493997 | U126: 77796381 | V126: 85697973 | W126: 86862333 | X126: 88865138
A127: Germany | I127: 97475362 | J127: 98623886 | K127: 97999932 | L127: 100989642 | M127: 105720327 | N127: 109483601 | O127: 115525914 | P127: 120253389 | Q127: 126221481 | R127: 128579723 | S127: 49404019 | T127: 48746903 | U127: 88341125 | V127: 98464319 | W127: 106103449 | X127: 113491756
A128: Greece | I128: 16548223 | J128: 17344818 | K128: 16288800 | L128: 16093658 | M128: 19259679 | N128: 22199948 | O128: 24854528 | P128: 25828177 | Q128: 29619727 | R128: 30123587 | S128: 13936594 | T128: 21978486 | U128: 31638352 | V128: 34994227 | W128: 38072334 | X128: 40806114
A129: Ireland | I129: 13615998 | J129: 12868955 | K129: 12899368 | L129: 13200205 | M129: 13843635 | N129: 14872214 | O129: 16152634 | P129: 16652465 | Q129: 17843636 | R129: 18425433 | S129: 6979699 | T129: 6588287 | U129: 17848377 | V129: 20109368 | W129: 20506170 | X129: 21780519
A130: Italy | I130: 86695642 | J130: 86705395 | K130: 83570494 | L130: 80733320 | M130: 83289325 | N130: 84762947 | O130: 87934183 | P130: 92793829 | Q130: 99663783 | R130: 103973363 | S130: 45693735 | T130: 56235093 | U130: 99360683 | V130: 109854289 | W130: 119245555 | X130: 122831624
A131: Luxembourg | I131: 415418 | J131: 408825 | K131: 445901 | L131: 601534 | M131: 714563 | N131: 887119 | O131: 1098724 | P131: 1468776 | Q131: 1610080 | R131: 1865587 | S131: 880496 | T131: 1045413 | U131: 1943683 | V131: 2191943 | W131: 2343359 | X131: 2480527
A132: Malta | I132: 1928110 | J132: 1869509 | K132: 1982547 | L132: 2277698 | M132: 2478482 | N132: 2625090 | O132: 2823220 | P132: 3367977 | Q132: 3907314 | R132: 4250021 | S132: 1980940 | T132: 2025131 | U132: 3422562 | V132: 4372754 | W132: 4971093 | X132: 5671673
A133: Netherlands | I133: 18862796 | J133: 20415923 | K133: 20983697 | L133: 21942416 | M133: 23312868 | N133: 24887636 | O133: 27486370 | P133: 30496063 | Q133: 31132897 | R133: 31801164 | S133: 15456349 | T133: 15992663 | U133: 27338942 | V133: 30222391 | W133: 32329513 | X133: 33906873
... A139: United Kingdom | I139: 95683931 | J139: 94999503 | K139: 94519600 | L139: 100040392 | M139: 102963495 | N139: 107827843 | O139: 116367618 | P139: 122403413 | Q139: 124276764 | R139: 127150087 | S139: 52293077 | T139: 44417974 | U139: 109286824 | V139: 127266864 | W139: 136001990 | X139: 139623993
A140: TOTAL | I140: =SUM(I122:I139) -> 618928219 | J140: =SUM(J122:J139) -> 634280487 | K140: =SUM(K122:K139) -> 630297116 | L140: =SUM(L122:L139) -> 639206590 | M140: =SUM(M122:M139) -> 662586426 | N140: =SUM(N122:N139) -> 690866104 | O140: =SUM(O122:O139) -> 737803336 | P140: =SUM(P122:P139) -> 781183328 | ... X140: =SUM(X122:X139) -> 910787718
A142: Seats per capita | I142: 2010 | J142: 2011 | K142: 2012 | L142: 2013 | M142: 2014 | N142: 2015 | O142: 2016 | P142: 2017 | Q142: 2018 | R142: 2019 | S142: 2020 | T142: 2021 | U142: 2022 | V142: 2023 | W142: 2024 | X142: 2025 | Y142: 2026 | Z142: 2027 | AA142: 2028 | AB142: 2029 | AC142: 2030
A144: TOTAL | I144: =I140/I119 -> 1.5007627 | J144: =J140/J119 -> 1.5328166 | K144: =K140/K119 -> 1.5191323 | L144: =L140/L119 -> 1.5373171 | M144: =M140/M119 -> 1.5902367 | N144: =N140/N119 -> 1.6544343 | O144: =O140/O119 -> 1.7624051 | P144: =P140/P119 -> 1.8610404 | ... X144: =X140/X119 -> 2.1052039
A145: Austria | I145: =I122/I101 -> 1.4420521 | J145: =J122/J101 -> 1.5587699 | K145: =K122/K101 -> 1.5425787 | L145: =L122/L101 -> 1.539091 | M145: =M122/M101 -> 1.5911373 | N145: =N122/N101 -> 1.6224997 | O145: =O122/O101 -> 1.6855936 | P145: =P122/P101 -> 1.7441508 | ... X145: =X122/X101 -> 2.2264994
...
